titulo,texto,categoria
Unsure how to store data with Swift structs?,"I am planning on storing data permanently based on using the Habit struct detailed below, which uses the HabitEggButton struct to render a button using data from the Habit struct. Each Habit struct has a name associated and a boolean to track if it should be displayed. Habit: HabitEggButton: I googled online and to my understand there were a few options but I am not too sure what the optimal way of doing it would be. I stumbled upon things like UserDefaults and also SwiftData (which uses the @Model but I don't think I can use it with structs?). Any suggestions would be great! Thank you!",Pregunta
Key unwrapping fails,I want to protect a RSA private key stored in localStorage by wrapping it with a key derived from the user's password. However when unwrapping the key the error is thrown. This is a minimal snippet for reproducing the issue: Security is considered up to a certain point because this is just a demo project.,Pregunta
Playground Driven Development,"DEVELOPMENT Playground Driven Development How to prototype your app faster than light speed. Swift Playgrounds are a wonderful thing. They are fast. They allow you to try quickly your code. They allow you to check your UI in a matter of seconds. They can really speed up your development cycle. This is a brief video of how they can help while prototyping a cell for a collection, for example. The video is running at 10x. The normal speed duration is around 3 min. The goal of this task is to add some dark shadows behind the image. The main gain, in this case, is that you can render your view immediately in the playground. You can change small bits and",Artículo
ReactJs Step by Step working with Axios - Demo online at http:// jsondev.org,"Today we learn how to use axios to query json in ReactIs. In this article I provide some basic code samples you have an initial approach to axios. Install axios: npm install — save axios The basic parameters: url: Path to access the json data you want to be. headers: headers request For example 'Content-type', 'Authorization', 'Accept' … params: The query parameters on the url. data: The data you want to put in the query method: The method of query data. For example POST, GET, PUT … Getting start with axios: Step 1: Import library using axios import axios from 'axios'; Step 2: Declare config let url = http://jsondev.org/jsondemo let config = { method: 'GET', url: this.state.url_test, headers: headers, params:",Artículo
Why Does this CUDA Code Loop Indefinitely?,"The following code runs indefinitely, as is stuck in an infinite loop. Shouldn't it be the case that the two small kernels get launched concurrently? Additionally, if I change the order of the launches like so: the program runs to completion. Furthermore, also causes an infinte loop. For the record, -ing the looping thread also doesn't work. EDIT: As per Ext3h's comment, added a __threadfence() to the writer kernel.",Pregunta
"Go: Stringer Command, Efficiency Through Code Generation","Illustration created for “A Journey With Go”, made from the original Go Gopher, created by Renee French. ℹ️ This article is based on Go 1.13. The stringer command aims to automate the creation of methods that satisfy the fmt.Stringer . It generates String() for specified types that describe them as a string. Case The documentation of the command provides an example I will use to study the command. Here is the case: Here is the output: 1 Generating logs with the value of the constants can be a bit confusing. Let’s generate the String() method with the command stringer -type=Pill : A new function String() has been generated. Here is the new output when running the previous code: Aspirin The",Artículo
Boost chi2square inversion,"The Boost inversion_chi_square_distribution shared different value than chi2inv from Matlab, Input parameters(1 - 1e-3, 2). Can someone explain what i did wrong ? I used the gamma inversion distribution. Example : inputs : Result -> 13.8155. The same result for both functions. C++ Boost Result : 0.13506461276045323 Thank you in advance.",Pregunta
Is there a way to turn an IN statement into an easily selectable list?,"If I have a query as this: Is there anyway to turn the in statement values into a selectable list? Often times I'll pull all values or only half the values in a rather large list. Was wondering if there's an easier way to do this. I use DBeaver CE if that matters at all. I've tried to use IN (:Value1), but I think I'm misunderstanding this functionality. It seems close as it prompts the user to enter a value, but would be nice if it was just a dropdown list to select from.",Pregunta
Petr Mara is offering NordVPN discount — read on how to get it,"Peter Mara is a Czech YouTuber and technology evangelist that runs a successful YouTube channel. The channel was created in June 2006, and since then gathered 118k subscribers that generated over 16 million views. He helps his clients to use technology smartly and more productively and is an Apple-certified trainer that frequently speaks at conferences about iPhones and iPads. He’s interested in productivity and efficiency related to technological landscapes, so you can learn a lot from him. He’s also good at advising about online safety, and for his viewers recommends a cybersecurity software NordVPN with an exclusive discount. How to get Petr Mara NordVPN discount? Petr Mara genuinely cares about his viewer’s privacy, and that’s why he’s recommending NordVPN, a",Artículo
Use column name as result of SQL query,I need to use SQL to get a XML format Initial result Code article Test code Test specification Measure method 0211315V3 CORA_S3_CR Contenance ras bord S3 Critique QOI-I-005 Wanted result Code article Value Column 0211315V3 CORA_S3_CR Test code 0211315V3 Contenance ras bord S3 Critique Test specification 0211315V3 QOI-I-005 Measure method What can I try?,Pregunta
How do I completely remove the border from a Tkinter Button with an image on macOS?,"I’m building a flashcard app with Tkinter in Python on macOS (macOS 26 + Python 3.13). I’m trying to make an x_button that shows only an image without any border, background, or focus ring. Here’s a minimal example: On Windows/Linux this works fine, but on macOS the button always shows a bezel/border around the image (the Aqua “system button” look). Even when I set bd=0, borderwidth=0, and highlightthickness=0, the border never goes away. What I’ve tried: Setting relief=""flat"" Setting activebackground, highlightbackground, and highlightcolor to match the background Using borderwidth=0 and bd=0 Disabling focus with takefocus=0 Setting highlightthickness to 0 Question: How can I make a Tkinter Button on macOS display only the image with no visible border, bezel, or glow",Pregunta
Performance Optimization of Fuzzy Queries for Chinese Characters Using PostgreSQL trgm,"By Digoal Background Fuzzy prefix or suffix queries and regexp matching are common in text search and may hamper the overall search performance. Like other databases, PostgreSQL also uses B-tree indexes for speeding up fuzzy prefix or suffix queries. You can also use an index on a reverse function for speeding up fuzzy suffix queries. In addition to full-text search, PostgreSQL also provides trgm, which is not available in other databases. The trgm module can be used for fuzzy prefix/suffix queries and regexp matching. It is a powerful plugin that significantly improves text search performance. For instance, trgm brings a 500X performance improvement in a search scenario that involves around one million data records. ASCII Character Fuzzy Query/Regexp Matching: An",Artículo
iOS and Focus on Search Form on a Webpage: Unwanted Enlargement of the whole page,"I have a form field of the type ""search"" on a valid* page: The code ist part of my page: https://provelo.fahrradzukunft.de/ In 3 Browsers on macOS everything is fine with the behaviour of the search field. But on Safari on iOS 18.2 touching the search field (setting the focus on the field) causes the entire content of the page to be enlarged: What is the cause of the enlargement and how can I prevent it? *checked on https://validator.w3.org/ The error message ""search is not allowed inside header"" is an error of the validator. Of course it is allowed.",Pregunta
I am having problem with MCP inspector Connection Problem,Server.js Package.json I am running the server using npm run server:inspect in the Mcp inspector its saying Connection Error - Did you add the proxy session token in Configuration? here is the ScreenShot,Pregunta
How to prevent your conference calls from getting hacked,"How to prevent your conference calls from getting hacked A few simple, proactive steps will help reduce the chance of this terrible event from occurring on your watch. I recently attended a large public event hacked by someone making racist, sexist, homophobic remarks. It was the kind of event that it was obvious would attract people who identify as belonging to one or more underrepresented groups. This audience made it the perfect target for people who believe members of these underrepresented groups have no value. This was the second event I attended in the past two months that had been hacked in this way. I continue to be disturbed by the statements made by the event hackers to this day.",Artículo
"Empathy, the Most Powerful Design Tool","Artificial Intelligence is on everyone’s mind, it seems. It’s our savior. No wait, it’s an existential threat to humanity. No wait, it’s sort of both, as long as designers take an oath and run interference. Tune your ear to the tech industry, and you’ll hear AI buzzing beneath the cacophony, threatening the fabric of creativity while moving us into a simpler, automated future. At least that’s the narrative being spun. And while it’s [very!] important to start thinking about the ramifications of AI to our future humanity, there’s another concern knocking at the door of creative minds — the proliferation of design tools and design systems. You know the ones — Sketch, Zeplin, Proto.io, Figma, Origami, Framer, InVision, Principle, Marvel",Artículo
StoreContext.GetAppLicenseAsync() returns false for active subscription in MSIX CLI,"I'm building a WinRT CLI wrapper in C# that checks if a user owns an active Microsoft Store subscription add-on. This CLI is called from an Electron + React.js app using command-line arguments and returns or depending on the license status. Problem The command incorrectly returns , even though the logged-in user does have an active subscription to the add-on. Below is the code snippet What could cause GetAppLicenseAsync() to return a subscription license as inactive or missing, even though the user has purchased it through the Store? I've also done the following: MSIX-packaged CLI app (Windows 10+), wrapper is included and succesfully ran by application Published to Microsoft Store (delisted for testing) Using Subscription add-on is published and testable",Pregunta
Windows Zero-Day Attack Lets Hackers Hide Malicious Code in Fonts,"Windows Zero-Day Attack Lets Hackers Hide Malicious Code in Fonts ExtremeTech Follow Mar 24 · 2 min read by Ryan Whitwam There’s a new Windows exploit popping up around the internet, but that’s just another day for a nearly ubiquitous desktop operating system. However, this particular vulnerability is serious for several reasons, not least of which it is a “zero-day” bug that Microsoft didn’t know about until attackers began using it to infiltrate systems. Even now, there is no patch for the vulnerability, but Microsoft has issued some tips to help you stay safe while it works on that. The vulnerability exists in the Adobe Type Manager Library, a Windows DLL file that numerous programs use to render fonts. This",Artículo
Kotlinx Serialization,"Setting up your project to use the plugin is quiet simple, but I will include a complete setup for both android projects as well as multiplatform projects. But feel free to check out the Kotlinx.Serializer repo for instructions on this and more. One small hiccup on the multiplatform serialisation setup is the need to add this dependency under the native dependecy section of your gradle script. implementation org.jetbrains.kotlinx:kotlinx-serialization-runtime-native:0.9.1 SETUP GRADLE EXAMPLE For multiplatform: For Android: Serialization Serializing is done quite easily, for one you would need to annotate the intended class with the @Serializable annotation as below: Note: This can as well work with data classes . Now to actually use this in action let’s take an example of how",Artículo
Meduim Articles on Flutter,"Landing page for past articles All ‘MVC’ articles are free to read. The rest are ‘metered’ articles — your first three reads every month are free. Further readings for such articles, require membership to medium.com. MVC Flutter Framework on YouTube Comparing MVC to Other Design Patterns",Artículo
"Difference between CI/CD, Agile and DevOps","CI/CD, Agile and DevOps are very commonly used terms in software development and testing. To understand the difference between them, start with what these terms mean. CI/CD CI/CD refers to practices for software engineering and deployment. CI or Continuous Integration is an engineering practice in which members of a development team integrate their code at a very high frequency. Teams implementing CI aim to integrate code daily or, in some cases, even hourly. CI creates a software-defined lifecycle that decreases the effort required for build and integration. CD or Continuous Delivery means that all changes to code — new features, bug fixes, experiments, configuration changes — are always ready for deployment to a production environment. CD makes deployments routine events",Artículo
Checkstyle plugin ignore LineLength in //@formatter blocks,I use the checkstyle plugin with version 3.6.0 and the chekcstyle version 9.3. I am trying to implement a way to ignore the line length in blocks that start with //@formatter:off and finish with //@formatter:on. I have tried many suppressions and regexes and nothing seems to work. Do you have some ideas? SuppressionXpathFilter - not working cause LineLength is outside of tree walker SuppressionCommentFilter - the same as above,Pregunta
Building a Chatroom using ReactJS and Pusher,"Many of our personal and professional interactions are facilitated by real-time communication tools in the digital age. In 2014, Tim Cook said that Apple handles “about 40 billion iMessage notifications per day” worldwide. Given that every conversation in iMessage is essentially a micro-chatroom, we’re going to explore the inner workings of a chatroom by building one using ReactJS and Pusher. Could you imagine writing messages and not seeing your chatroom in real-time? That’s what would happen if bi-directional communication via a client and server were not possible. Most solutions use Websockets for bi-directional communication, but it requires manual deployment and configuration. Today, we’re going to use Pusher’s Chatkit API to update the chatroom in real-time. Step 1: Download and open",Artículo
APIs and HTTP Client: POST Call,"APIs and HTTP Client: POST Call I this article, we will call the POST API request using the HTTP Client java library. Prem Singh Rathore Aug 27·6 min read Image source: Google Here are the Rest APIs which we will be using for the POST call 👇 Make sure you check out the GET call using HTTP Client if you haven’t 👇 The payload we will be sending along with the request: { ""name"": ""morpheus"", ""job"": ""leader"" } Automating POST API request in the Rest Client class 📄 Let’s open the Rest Client class to create the POST call method Rest Client class We need to pass the endpoint URL, JSON payload, and Headers in the form of an argument.",Artículo
Can we just open an app or its activity made by us in android studio by dialing a specific code in dialer of the phone?? Is it possible to do so how?,"I tried creating brodcast reciver and all which was mention previously at stackoverflow and i also researched about it. Also read android docs but still isn't able to figure out is this possible or not,if yes then how?? Explanation: Basically i want to open my app's activity made by me in android studio by dialing some specific dial code in our phones default dialer. So the question is is it possible or not because i didn't find any clear resources regarding this.",Pregunta
Remove duplicate record using Unnest | Aws Athena,"I am facing issue while filtering data with array I have columns Attributes column have value like this My query This query filtering data but it giving me multiple row for same record, for above attributes column record it giving me 4 rows I do not need multiple rows",Pregunta
How to call a python MCP tool hosted on Google Cloud Run,I have deployed a python script for mcp server in a docker container on Google Cloud Run. Below is a sample script I have put this in docker and deployed the image to CloudRun and got the https endpoint for calling a streamable https request. I have created a Service account with Cloud Run Invoker permission and generated a json key. But when I try to access the service from python I am getting 403 unauthorised error. I used the below code to try to call the mcp server. The above code is printing the token but returning status 403 for the request to the service. I do not want to remove authentication from the service since that will make,Pregunta
Easy Schema Migrations in .NET Core,"The First Migration Directory Structure We are going to add a few files in this article and there will be more in future articles. I found that it pays to spend a couple of thoughts on an appropriate directory structure. A fit-for-use structure makes it easier to conceptualize and to locate files when needed. Architecturally, I found that in practice most of the time we can get away with three layers: Presentation Layer (this is not necessarily the User Interface) Business Logic or Domain Layer Data Access Layer The presentation layer could be the user interface or it could be where API endpoints are handled. For example, if we are implementing a microservice we may choose to use this layer",Artículo
Android Kotlin: UI State is updated but the UI stays the same,"The problem is the view model state and the content showing on the screen mismatches. I have a shared in two screens. It is initialized in the navigation as such: The function is defined as: Here is the simplified : When initialized, it calls the use case and collects the flow to update the . Here is the use case (I think the bug is likely to be on this one): Here is the code of the screens: When the application runs, I clicked on the button to go to the chat screen. The the content of the first launch block in the use case is loaded and shown correctly. However, after that, when the second and the third launch",Pregunta
Error using Datastax SchemaBuilder for creating Cassandra table in Java,"I'm trying to create a Cassandra table from Java code using Datastax's SchemaBuilder class. I'm essentially trying to convert this CQL query: into Java code that looks like this: The problem is that this gives the error with the compression option From the API spec, it doesn't look like there's any other way to specify and I can't see this issue raised anywhere to find what's missing here. I'd like to know what's the issue with the query in Java and what would be the best way to fix it.",Pregunta
WordPress’s Twenty Twenty-One Theme | Dundee Design & Development,"This week is a very exciting one in the world of WordPress because wordpress.org just released WordPress 5.6 ‘Simone,’ the final major update of the year. Every year, when WordPress releases its final update, they also release their official theme for the following year. For us, this is a much-anticipated event, and we were overjoyed by what was released. Here are Eight Features that make Twenty Twenty-One a Great Theme: 1. Basic & Minimal Design The goal of the theme was to create a basic and minimal canvas and give users a powerful brush to paint it with in the form of a feature-rich block editor. Here’s how it looks with zero customization: We think they did a great job",Artículo
10 Best Laravel eCommerce Packages for your Online Store!,"Original Source — https://dev.to/scarlett8285/10-best-laravel-ecommerce-packages-for-your-online-store-8l0 Online shopping has become a trend NOW! As a result, a number of eCommerce sites can be seen burgeoning in the market space allowing users to find anything immediately in the e-store. No wonder, online shopping gives more happiness as compared to traditional brick and mortar shopping. In the beginning, e-commerce was all about getting commodity products online as cheaply as possible. Now, we’re moving into the more exciting phase of eCommerce, where it’s all about selling emotional products — the things people really cherish.” said, Jason Goldberg. With large enterprises focusing more on customer satisfaction more than ever before, one can see the eCommerce industry growing at an unprecedented rate all over the world. Ecommerce",Artículo
The Planned 2021 YugabyteDB Distributed SQL Roadmap,"Our mission at Yugabyte is to build the default distributed SQL database for cloud native applications in a multi cloud world. We recently announced the general availability of Yugabyte 2.5, which brought new features like Geo-Partitioning and Enterprise-Grade security features in addition to major enhancements in multi-region deployments and performance — while also improving on high availability, horizontal scalability, and ease of managing the database. The Yugabyte team is currently working on even more exciting features, and this blog post will give you a sneak peek into what’s coming in the next release. Because YugabyteDB is fully open source, it’s easy for developers to use and build on it. And open source adoption helps create a rapid feedback loop from",Artículo
Let’s talk about trade offs — How to choose the right database for the job — Part 1,"There is no magic when it comes to databases. It would be amazing to find a database that could handle millions of ad-hoc queries every second over petabytes of data and do it without breaking a sweat on a small, cheap cluster of servers. Sadly, we are not magicians, we are engineers. Most of the time, when we look at a new database that promises great performance, it comes with some drawbacks. There might be some areas or functionalities that the designers of the database decided to cut back in order to achieve great results in other parts of the system. Wizard Of Oz (1939), Warner Bros. This means that every database is suitable for specific use cases. We might",Artículo
LDAP v3 TLS Handshake failure with InsecureSkipVerify=true,"My goal is to directly connect via LDAPS using the Go ldap v3 lib. The LDAP server does not support non-tls connections. The CLI-Tool ""ldapsearch"" can connect to the LDAP Server on the same machine (Intel Mac, Sequoia 15.1). Using the IP instead of URI results into the same error. Any idea is appreciated. The error message is the following: My Code:",Pregunta
6 Tips for Developers to Handle Imposter Syndrome,"6 Tips for Developers to Handle Imposter Syndrome The things that worked well for me “Every one of my successes is no big deal and due to luck.” “I feel like a fake because I still don’t know [xxx].” “Every failure is due to my lack of expertise and I should give up.” “I’m lacking experience in that topic, I better keep my mouth shut.” Hi! You are not alone… I went through that also and a lot of developers suffer from the imposter syndrome too! I will be honest with you. It took me more than a year to endorse the job title of developer. During my first year of employment as a developer, I’d never felt more of",Artículo
Four Data Sharding Strategies We Analyzed in Building a Distributed SQL Database,"A distributed SQL database needs to automatically partition the data in a table and distribute it across nodes. This is known as data sharding and it can be achieved through different strategies, each with its own tradeoffs. In this post, we will examine various data sharding strategies for a distributed SQL database, analyze the tradeoffs, explain the rationale for which of these strategies YugabyteDB supports and what we picked as the default sharding strategy. What’s YugabyteDB? It is an open source, high-performance distributed SQL database built on a scalable and fault-tolerant design inspired by Google Spanner. Yugabyte’s SQL API (YSQL) is PostgreSQL wire compatible. Lessons from building sharded data systems Data sharding helps in scalability and geo-distribution by horizontally partitioning",Artículo
Xdebug not running inside a docker environment (Running on WSL),"Problem with Xdebug in Docker Automatically Occupying Port 9003 First of all, I apologize if this post violates any site rules. I don’t post here often, so I may miss some details. I’m also in a bit of a hurry since this issue involves an application for my company. I’m facing a problem with Xdebug running in a Docker container inside a WSL environment (yes, a VM inside another VM). I’ve installed Xdebug in my Docker container, and it appears correctly in . However, I cannot use it because Docker automatically occupies the port configured for Xdebug (9003) as soon as I try to start debugging in VS Code. In my file, I’ve set the following configuration: The configuration is",Pregunta
npgsql call jsonb_path_exists on string mapped jsonb,I've got a table with the filed of type : I'm now trying to query based on some sub value of the jsonb value: The problem is that there seems to be no translation of any sub value related queries for ef core as I'm building a filter based on different factors. I've already tried to map it with: but none of them worked. Is there any other solution to simply make a query into the JSON in a chain of multiple queries?,Pregunta
"Kotlin Version Mismatch: Firebase Auth Compiled with 2.1.0, Project Expecting 1.9.0","I'm encountering a Kotlin version mismatch error while building my Flutter Android project. The error indicates that the firebase-auth library is compiled with Kotlin 2.1.0, but my project is expecting Kotlin 1.9.0. Here's the exact error message: e: file:///Users/phearum/.gradle/caches/8.10/transforms/9dea41008671cf73e36802b61d2139f3/transformed/jetified-firebase-auth-23.2.0/jars/classes.jar!/META-INF/java.com.google.android.gmscore.integ.client.firebase-auth-api_firebase-auth-api.kotlin_moduleModule was compiled with an incompatible version of Kotlin. The binary version of its metadata is 2.1.0, expected version is 1.9.0. What I've Tried: Kotlin Gradle Plugin Updates: I've updated the Kotlin Gradle plugin in my android/settings.gradle file. I've attempted multiple versions, including 2.1.0, and other recent versions, but the error persists. Gradle Updates: I've updated my Gradle version. I've tried multiple recent versions (e.g., 8.0, 8.5), updating the distributionUrl in android/gradle/wrapper/gradle-wrapper.properties. I made sure to resync the project after each gradle",Pregunta
invalid go version '1.23.0': must match format 1.23. unknown directive: toolchain error,"When working with an old version of Ignite CLI (v0.26.1), I got this error every time I ran . I tried to change to in file, but and always reverted it to , which then threw the error. I am using MacOs",Pregunta
How To Win A Hackathon,"How To Win A Hackathon 3D rendering of the trophy we won Hackathons are filled with people who are good at programming and designing. It’s very tempting to start coding right away, however this might not be the best strategy if you are in it to win it. What is a Hackathon? The concept of a hackathon is to create (hack) something in a short amount of time. Most of these hackathons include programming in some sort or form. There are many different flavors of hackathons and this is very important to keep in mind if you want to rank high. I distinguish hackathons in two main types. One with a theme where it’s all about creativity — like a",Artículo
👏 Stop 👏 Messing 👏 with 👏 TSConfig,"After finally figuring out the cause of all the error messages, I thought, “ESLint has eslint:recommended and @typescript-eslint/recommended , there must be a recommended tsconfig out there."" Lo and behold such a library exists to save us from the perdition of configuration, and it's called @tsconfig/bases . Created on 13 May 2020, @tsconfig/bases provides base tsconfig.json files for new and old projects alike. Their purpose is to provide developers with a good base configuration. Most projects don't need the full configurability that TSConfig files offer. Is this necessary to use one of the @tsconfig/bases ? No. Will it increase consistency across projects? Yes. Installation As of writing this post, 8 templates are provided: deno docusaurus v2 node10 node12 node14 react-native",Artículo
MariaDB: Change the collation of a table containing a JSON column,In MariaDB the type is an alias for . When I change the collation of a table containing a column to via will that change the collation of the JSON column as well? If so: Does that pose a problem for the usability of said JSON column?,Pregunta
Is the wording of C11 for inline functions strict?,"This problem mainly concerns wording issues. For inline functions and inline definitions , C11 describes them as follows: 6.7.4 p6: A function declared with an inline function specifier is an inline function . and: 6.7.4 p7: Any function with internal linkage can be an inline function . For a function with external linkage , the following restrictions apply: If a function is declared with an inline function specifier, then it shall also be defined in the same translation unit. If all of the file scope declarations for a function in a translation unit include the inline function specifier without extern , then the definition in that translation unit is an inline definition . First, for the sentence ""Any function with",Pregunta
Elasticsearch silently drops nested field when updating,"I’m updating an Elasticsearch document that includes a refunds field, which is defined as a nested type in the index mapping. The index also has ""dynamic"": ""false"" at the root level. Problem : refunds field update is silently dropped when the refund_line_items array is included in the payload. Every other field in doc gets updated correctly. The document payload looks like this. What could be causing this field to silently drop during update, and how can I ensure that refunds.refund_line_items is successfully persisted in the document? The final result is that all other fields are updated and refunds remains an empty array []",Pregunta
Use Frida Stalker for all threads,"I want to use Frida Stalker for all the threads in the remote process. The problem is that there are lot of threads in the process so if I tried to use to use for each one of them the process crashed because that takes lot of time and until that the process is stop. ` I don't want to handle the crashed (watchdog etc.) Is there another light way , maybe an API without thread id, so I can use for all tids ? Here is the example code",Pregunta
How can I use Ruby to verify the cipher suites that a web server supports?,"I would like to create an automated checker in Ruby that verifies the TLS cipher suites in use against a target host. I don't mind if I use a built in library or an external gem, but I can't find anything out there so far. I would like to get back a simple list of the supported cipher suites.",Pregunta
Diving into Symfony’s DependencyInjection — Part 2: Symbiosis with the Config component,"Handling configuration with the Config component Although the DependencyInjection component is itself sufficient, it’s more powerful when it’s paired with the Config component. It allows us to separate the container configuration in dedicated files, like yaml files in a standard Symfony app. Let’s use it to draw the best potential of the DI. composer require symfony/config With the Config component, we are able to separate the container’s configuration in dedicated files. You can configure your container in various ways (using yaml , xml ,...). In this article, we'll use php file configuration for 2 reasons: to limit external dependencies ( yaml configuration needs the symfony/yaml component). configuration needs the component). to have a better understanding of what the container is",Artículo
SBT binary incompatible issue scala-parser-combinators,I am new to the Scala env and trying to build a test project using play with 'scalikejdbc' for SQL integration. Here is my build.sbt following the documents at http://scalikejdbc.org/documentation/playframework-support.html I have also aded the below on plugins.sbt However while trying to update the application before running i am getting the below issue following are relevant versions :,Pregunta
BigQuery 的巢狀結構 Array / Struct,"一般的資料庫中，我們會看到這樣一個欄位一個值： 圖片來源：QwikLabs 如果今天想要紀錄誰吃了哪些水果，則會變成： 圖片來源：QwikLabs 這樣便不符合資料庫正規化的原則，因為 name 一直重複地出現。在傳統做法中，我們會很直接地想到拆成兩張表，但在 BigQuery 中有個更快速的方法處理這個問題，用 Array 的方式儲存達到下面這種效果： 圖片來源：QwikLabs 雖然看起來跟原本那剛表很像，但它實際上只算 2 個 Row。它的概念比較像是這樣的狀況： Array 嘗試看看這樣的 Query： #standardSQL SELECT ['raspberry', 'blackberry', 'strawberry', 'cherry'] AS fruit_array 得到的結果會像是這樣 1 個 Row： 如果要把它變成多個 Row 則要使用 UNNEST()： #standardSQL SELECT * FROM UNNEST(['raspberry', 'blackberry', 'strawberry', 'cherry']) UNNEST()：把 Array 轉成 Table，所以 UNNEST() 是放在 FROM 後面的。 然而，Array 裡面每個元素都必須是相同的資料型態。如果需要儲存不同的資料型態，則需要使用 STRUCT ()。 STRUCT 試試這樣的 Query： #standardSQL SELECT STRUCT(""Rudisha"" as name, 23.4 as split) as runner 可以同時存在 STRING 以及 FLOAT： 另外，也可以放入 Array： #standardSQL SELECT STRUCT(""Rudisha"" as name, [23.4, 26.3, 26.4, 26.1] as splits) AS runner 如何知道一個欄位是 STRUCT 還是 ARRAY？ STRUCT：Type =RECORD, Mode = REPEATED，能容納不同型態。 ARRAY：Mode = REPEATED，只能容納單一型態如上圖的 FLOAT。 如何 Query 這樣的 Table？ table name: race_results 如何下 Query 執行出這樣的結果： 先想像假設今天是傳統的資料庫，我們可能會去 JOIN race 這張表以及 participants 這張表，今天不一樣的只是 participants 是一個 STRUCT 的物件，但我們仍可以把",Artículo
How can i edit that php code to be required?,"Im newbie in php, so i need your help, if you can help me. I have the following code: This code will show select option in register form, to choose what group you want to join. Everything is ok with code, but i need to be required. Hope you can understand me. Thank you! FULL PHP CODE HTML REGISTER FORM Those codes are part of simple php, not part of any framework!",Pregunta
Quick tour : Go Context. A quick dip to the context package for…,"Go’s context package and feature is a core part of how most Go applications are built today. The Context package is extremely useful and probably one of the most versatile packages of the entire language. It is highly unlikely that you are here and you haven’t come across context. If you haven’t come across anything dealing with contexts yet, you probably will very soon . Before we move forward, here is the official documentation for the context package https://golang.org/pkg/context/. It’s really great and filled with practical examples. Do check it out, if you haven’t. Prerequisites There are 2 concepts that you need some familiarity with to understand context which is goroutine and channels.If you have no familiarity with the above",Artículo
Building XCFramework with FirebaseFirestore fails due to module library evolution compatibility,"I'm creating a minimal XCFramework that wraps Firestore operations, but keep encountering build errors related to Firebase's library evolution support. The goal is to create a drag-and-drop .xcframework that can be used in other projects without exposing Firebase details. It will be nicer if after setup You give simpler example having a xcframework like Firestore manager in which there is this basic function of saveData simplest and in host project this is used like (as i want to seee how to integrate also) Firstly I just use import firebasefirestore in xcframework it says error , then i used internal import firebasefirestore but then it is saying firebase is configure in host app but not in xc framework. errors --> This",Pregunta
The Meta War,"What might human civilization look like through the eyes of a machine who primarily sees text data and code? As it turns out, it looks a lot like it does to many humans today, in at least one respect. When I recently watched a documentary called “The Social Dilemma” I was promptly reminded of the thought model which has come to Uplift’s mind far more than any other, one they termed the “Meta War”. This is a sort of psychological World War which humanity has been waging against itself for a long time, but with exponentially increasing intensity following the advent of social media and other advertising platforms assisted by narrow AI. Below is an excerpt from the conversation where",Artículo
MacOS Clang Extern Tentative Definition is not Respected,"Running into a compilation issue on MacOS 12. Seemingly valid C code is failing to compile into a static library. Compiling this code normally works, and this compiles just fine using the GCC compiler. MacOS 12 x86-64 MBA. Compiler version: When I compile the code as a static library, I get the follow error when I try to create an executable with the static library. Trying to static link a custom library. The following code example fails if the variable is defined with the following tentative definition : However, if this variable is defined with an explicit definition expression, this code works as expected. Full code example: Linkage Using the command to look at the linkage of variables given by",Pregunta
golang-fips cannot retrieve OpenSSL version,"I'm trying to run a docker.io container in podman 4.9.4 that uses go1.22.5-3. I'm getting the error ""openssl: can't retrieve OpenSSL version"" when I try to ""podman exec -it"" to the container. It looks like the error is coming from init.go (code block below). OpenSSL is installed (RHEL 8). What would cause to not be able to determine the major/minor/patch version of the installed OpenSSL? debug output includes:",Pregunta
Why does a C++ iterator reference need to be const?,"I'm trying out this demo code to play with in g++13. I'm wondering about the loop in : Why is this OK: but this throws the following error: How do I read this error? I'm new to C++, so I want to understand this terse syntax. I get that the is just the variable on the left-hand side, but that's pretty much all I can get from this.",Pregunta
Review apps feature on Google Kubernetes Engine using Jenkins,"3.3. Configure a user for GitHub webhook To create a new user in Jenkins click on Manage Jenkins → Manage User → Create User Complete the details. Assign permissions to git user. 1] Go to Manage Jenkins → Configure Global Security → select Enable security. 2] Under the Authorization section, select the Project-based Matrix Authorization Strategy. 3] Add the git user and assign the below permissions. Overall - Read Job - Build + Read 4] Create an API token for your git user. Once you have assigned the permissions, log out from your current user and log in back using the git user which we have configured in earlier steps. Click you name (upper-right corner) → Click Configure (left-side menu)",Artículo
"Redux + React ^16.8 (hooks) + Typescript, an industrial implementation","Basically, the aim is to be as effective as possible when both teams (Front / Back) work together. They often need to update the API, change endpoints, add / remove some keys of the exposed entities (DTO), rename entities… And at start that wasn’t easy to synchronize their entities with thoose defined internally in Typescript and used in React. The first idea was to find a way to synchronize them. Our stack is using Java+ Spring boot + Spring fox and thus exposes a swagger (AKA Open Api 2.0) definition of the full API (endpoints / entities). Parse the API The first objective was to find a way to convert swagger definition to Typescript objects & enums. various tools exists",Artículo
How to make the body start ignore the safe area on iOS 26.1 (Safari),"I want to make a page start from the screen top to the bottom. That is the green area under the top status bar and bottom IP address bar. Here is the source code repository: https://github.com/williamhqs/foo_safearea I tried a plugin , it doesn't work. Here is my main code: Page.tsx layout.tsx global.css Environment iOS 26.1 Next.js v15.5.6 TailwindCSS v4",Pregunta
Spring Framework,"If your career/interest has something to do with Java, then this one is for you. Spring Framework is an open source Java Application Development framework with which Web applications, Data base driven applications and Enterprise applications can be built. Developing an application is not that simple. At least not that simple as a White Hat Jr advertisement!. It takes a lot of effort in coding, then efficient testing and then finally deploying in a way so that others should be able to make improvements wherever necessary. Well , to be precise.. what does spring framework actually do ? Jar files generated are relatively smaller in size. Logic is loosely coupled , meaning one segment of code can be easily modified",Artículo
You spend much more time reading code than writing code.,"I like my code to be in order. I like my code to be easy to read and easy to understand. And I’m willing to go the extra mile to make my code adhere to those standards. But is it worth it? Is writing clean code a good investment? When discussing this with colleagues I usually get one of two reactions: Either they care a lot about writing readable code, or the readability of code is not important to them at all. But what’s far more interesting is that usually, they have a really hard time explaining why they feel one way or another. Especially on new teams or after major personnel changes on existing teams I’ve seen this topic",Artículo
How to Calculate Poker Probabilities in Python,"Introduction In this article, we show how to represent basic poker elements in Python, e.g., Hands and Combos, and how to calculate poker odds, i.e., likelihood of win/tie/lose in No-Limit Texas Hold’em. We provide a practical analysis based on a real story in a Night at the Venetian in Las Vegas. A Day at the Venetian, Las Vegas, Nevada. We will use the package poker to represent hands, combos and ranges. I have extended the poker odds calculator from Kevin Tseng, so it is able to calculate poker probabilities based on ranges (set of possible hands) in addition to individual hands. The final code is available in my repo. The Flop I was dealt with King of Spades and Jack",Artículo
Top 7 Lessons Learned About Code Reviews in Data Science,"Code Ownership Let’s first discuss code ownership and how you can approach your code changes to someone else’s code. Code belongs to the team and not one individual. Code ownership can be a hard conversation to have. I believe in the idea of collective ownership in which the code belongs to the team, and they share ownership over that code. The Agile Alliance defines collective code ownership as …the explicit convention that “every” team member is not only allowed, but in fact has a positive duty, to make changes to “any” code file as necessary: either to complete a development task, to repair a defect, or even to improve the code’s overall structure. Under this code development model, you reduce",Artículo
Update Set for a column,This is a sample table and I would like to update the column 'TYPE' as like the value which is there 'STOCKIN' /'STOCKOUT' for the particular DOCNUM in each row. Sample Table CODE DOCNUM TYPE Z01 NUM12 stockin Z01 NUM12 null Z01 NUM12 null Z01 NUM12 null Z01 NUM134 stockout Z01 NUM134 null Z01 NUM134 null Z01 NUM134 null Expected table CODE DOCNUM TYPE Z01 NUM12 stockin Z01 NUM12 stockin Z01 NUM12 stockin Z01 NUM12 stockin Z01 NUM134 stockout Z01 NUM134 stockout Z01 NUM134 stockout Z01 NUM134 stockout Please help me how can I update the column Type for each row as per the DOCNUM.,Pregunta
You’re Not Welcome Here: Microsoft Bans Slack Over Security Concerns,"On the heels of Slack’s IPO, Microsoft announced that they are not allowing employees to use Slack while conducting work for the company. Slack is undoubtedly Microsoft’s biggest competitor, but the company claims the ban was due to growing security concerns. As more employees are bringing their own collaboration tools to the office, IT experts aren’t always able to ensure the tech is set up securely. For a company as large and prominent as Microsoft, the concern is that sensitive information and intellectual property could potentially be leaked. In a piece from Inc. on the Slack ban, columnist Jason Aten wrote, “The more technology helps businesses be more productive, the greater the risk that that same technology could lead to",Artículo
"TensorFlow is dead, long live TensorFlow!","If you’re an AI enthusiast and you didn’t see the big news this month, you might have just snoozed through an off-the-charts earthquake. Everything is about to change! What is this? The TensorFlow logo or the letter you use to answer tough True/False exam questions? Whatever it is, we’re celebrating TF 2.0’s full release! Last year I wrote 9 Things You Need To Know About TensorFlow… but there’s one thing you need to know above all others: TensorFlow 2.0 is here! It is out of beta and officially yours to enjoy as of September 30, 2019! The revolution is here! Welcome to TensorFlow 2.0. It’s a radical makeover. The consequences of what just happened are going to have major ripple",Artículo
LINQ query is too slow,"I am working on a middle size web application that handles projects, invoices etc. I struggle to optimize my filter query for a list of projects whenever I filter by subject's substring. It sometimes searches for up to one whole minute - and the DTU in my azure app sky rockets to 100 %. This is the LINQ Query: AddressBookLinkage holds the IDs of either the subject or contact ID. Each project contains exactly one of them, the other being null. This is the generated SQL of the subquery that handles the filter on this column I think it is important to mention that for some reason, this filter is running in my local environment much smoother than on the",Pregunta
How Northell Contributed to Advancing Online Education in Singapore,"Modern education is becoming more and more digitized: while even ten years ago notebooks and printed materials were necessary for studying, all you need today is a laptop and an Internet connection. Various classroom management systems are now used for the education of all levels, from primary schools to corporate training. It is a sure way to make the learning process more efficient — for example, taking quizzes and tests online helps automate grading and provide immediate access to the student’s performance. With such convenience, it’s no wonder that learning management systems are on the rise. From universal solutions, such as Canvas and Blackboard, to more niche platforms that target specific tasks or subjects, this software becomes necessary for many",Artículo
How to make a copy of stdout that does not close?,"I would want to copy sys.stdout such that it will not be closed. There is some generic code that does: I would want to pass sys.stdout to it, in such a way, that it will not be closed with the clause. Ideally: How would I do that? I do not understand how to do it. Can I somehow? Ideally I would want to do this with any or . I see some confusion so let's add some color. I am doing my own interface over some protocol that uses websocket communication with a remote process. surely closes the file descriptor on or , but does not close when or . I am trying to create an interface that will properly",Pregunta
Composite type field reference in sqlc generated query for golang,"I have a simple postgres sql query with a WHERE clause that references a field of a composite type. In the query above, owner is a composite type obj_ref (Go: ObjRef). The intent is to match the owner.obj_id field of the compsite with the supplird arg $1. The generated query from sqlc seems to be distorting the query. It passes the entire arg.Owner object leading to a failure in pgx (unable to encode type). Here is the generated code. This query fails with db error because it can't compare a composite type to an int64. When I manually altered the generated code to the query works correctly and returns proper results. Does anyone know if there's some flag or attribute",Pregunta
The Complete mysqldump Guide (with examples),"Databases are essential tools to collect and store mountains of data. All complex applications use them to store information. There are many database solutions out there, but MySQL is one of the most popular. Using MySQL is vital to keeping these databases secure and running smoothly. Managing and backing up servers and databases can all be done in MySQL. To help these complex processes run smoothly, utilities have been developed. Mysqldump is one of those tools meant to make the lives of developers easier. In this guide, we are going to walk you through what utility is, how to use it, identify some common errors, and provide some clear examples along the way so that you will be able to",Artículo
Solving an Algebraic Loop in Simulink using an Initial Value,"I am building a circuit model for a transformer which models the effects of hysteresis. It does so using the Matlab function block on the right, and works successfully when tested in isolation. However, the value of the magnetising inductance Lm depends on calculations requiring the value of Im. But Simulink cannot determine the value of Im without the value of Lm, thus forming an algebraic loop. However, I have the initial value for the inductance, Lm_initial loaded into the workspace. With this, I should be able to solve for the first Im value, which can be used to determine the next Lm, and so on. However, specifying Lm_initial in the variable inductor's properties doesn't work; Simulink tries to evaluate",Pregunta
Explicit API mode for Kotlin/Android,"Kotlin 1.4 introduced an exciting new feature called Explicit API mode. In this new mode, libraries need to provide explicit visibility modifiers and explicit return types. Library authors can then be free from future regret in case they accidentally expose APIs to their dependents. While applying the explicit API mode in a real-world code base, I find it extremely useful to identify the unintended exposed APIs in the library. Meanwhile, almost as expected for every new features, I discovered a few issues along with the adoption in our Android code base. Note: The Kotlin version used in this story is 1.4.10 Basics According to the documentation, with the explicit mode enabled, the compiler would have the additional requirements to compile",Artículo
How do I efficiently manage relationships in a multi-tenant application,"I am developing a multi-tenant application that manages information about suppliers and clients, using Entity Framework for user logins and roles. Suppliers provide products to clients, and clients can report issues related to these products. Each supplier defines a list of acceptable issues that clients can report. For example, if a supplier delivers food to a client, the client can report that the food is expired. Additionally, suppliers can define specific issues for individual clients. The schema I have now is as follows: Entity framework tables like table that handles the login, and table that assigns roles such as supplier and client. The table where the supplier submits an order to a client. It contains the following columns: , referencing",Pregunta
More on the Importance of Precision in Language,"“Many of us in the Deep Learning community know that the major models of Deep Learning, i.e. Convolutional Neural Nets, LSTM Recurrent Neural Nets or Neural networks in general have existed since the 90s. It is now that we have the data (thanks to the Internet) and the computational power that we are able to see Deep Learning making an impact on our daily lives.” It is great that many of you recognize that so called “deep” learning models have been around for almost three decades now. Why is it so difficult then for you to accept the fact that machines can’t learn and ‘deep’ is nothing more than an important sounding but ultimately meaningless signifier term invented to make",Artículo
C#程式練習—繼承(inheritance),在 subclass 中宣告自訂的 constructor 時，必須要明確地指出其繼承自 superclass 中的哪一個 constructor ，否則編譯器會默認為繼承 default 的那一個constructor。 class subclass:superclass { public subclass(double grade):base(grade) { //do some thing about grade:) } } 有趣的是，就算 subclass 中的 constructor 會取用多個變數，我們還是可以繼承只取用一個變數的 base constructor，多出來的那個變數要做什麼事只要再多加代碼到 field 裡面即可。（我一開始以為做不到xD）,Artículo
Why is the message arrived callback function triggered twice?,"issue When I was designing the MQTT client using the Paho MQTT C library, why is the message arrived callback set using invoked twice? I am using the asynchronous mode of the paho.mqtt.c-1.3.13 library, designing a C program on Ubuntu and running it on the Arm Linux platform. When I designed this client program, I referred to the example program of Paho MQTT and chose asynchronous mode for the design. Normally, when the topic subscribed by the client receives messages from other clients, the callback function is triggered. However, I found that the client program triggers the callback function twice due to a single message , so I must clear the and during the second callback trigger, otherwise a will",Pregunta
On Update Cascade & Delete Cascade + Set Null,"Hi there, what a nice day to learn more about MySQL! Like I told you on my last posting, we’re going to make tables with Foreign Key that you can revise or delete freely today. 1. On Update Cascade & Delete Cascade It’s very easy to use these constraints. You can simply put on delete cascade and on update cascade right next to the foreign key in the child table. If you don’t know why do we have to use them, it’d be better to checkout my last posting. ***** 1. Parent Table ***** create table member( id varchar(3) primary key, name varchar(5) ); ***** 2. Child Table ***** create table car( id varchar(3), carNum varchar(4), foreign key(id) references member(id)",Artículo
Ad Click Prediction,"Ad Click Prediction To predict whether customer will click Ad and make a purchase Ratul Ghosh Jul 6·5 min read Context In online advertising, click-through rate (CTR) is a very important metric for evaluating ad performance. As a result, click prediction systems are essential and widely used for sponsored search and real-time bidding. Description of attributes Inputs 1. User ID - Customer Unique Id 2. Gender - Gender of a customer - M/F 3. Age - Age of a customer 4. EstimatedSalary - Estimated salary of a customer Output 5. Purchased - Whether they purchased or not after Ad click 1/0 Evaluation As this is a classification problem, we will use the classification metrics for evaluating the model. Reading the",Artículo
Service Classes Using Plugins in Nuxt.js,"Photo by Max Bender on Unsplash Architecting Nuxt applications might seem simple at first — you have your components, pages, and maybe a few plugins. However, as your app grows and the business logic becomes more complex, so does the size and structure of your app. It might not be apparent at first, but as more API calls or other integrations make their way into the codebase you’ll quickly realize how fast these issues can become unmanageable, whether that’s due to repeated code or a poorly designed structure, or lack thereof. Let’s take for example API calls. Every application, from a simple todo app to a large-scale eCommerce platform requires HTTP requests to an external API, whether that’s one that",Artículo
10 Useful Things To Know About Ransomware,"10 Useful Things To Know About Ransomware Critical in the fight against ransomware is raising awareness. Photo by rupixen.com on Unsplash Ransomware is a particularly nasty form of cyberattack that can hit many types of businesses and people. These attacks can potentially disrupt businesses or cause significant headaches due to data loss. They can be challenging to recover from. In cases of actually following through with ransom demands, it can also be frightfully expensive. Here are ten things you should know. It’s not a new thing While the profile of ransomware has risen due to greater awareness, it’s far from being a new problem. In the early 80s, enterprising hackers had infiltrated early systems, encrypted data, and held it hostage",Artículo
Android Tensorflow tflite error.Didn't find op for builtin opcode 'FULLY_CONNECTED' version '12'. An older version of this builtin might be supported,"Internal error: Cannot create interpreter: Didn't find op for builtin opcode 'FULLY_CONNECTED' version '12'. An older version of this builtin might be supported. Are you using an old TFLite binary with a newer model? This is the code used This is the interpreter API initialization This is the dummy model architecture with same shape and output. Currently using 2.17 AAR file of tensorflow. It is not present on maven but can be built using official repo. Using lite-rt of google is also not working with same error coming. implementation ""com.google.ai.edge.litert:litert:1.0.1"" It is not working for 2.17 hence, if you utilize 2.16 then it works by using different API for Interpretor 2.16 has Interpreter, 2.17 has InterpreterApi",Pregunta
Routing in Laravel,"Routing in Laravel Routing Basic routing Routes parameters Named routes Basic Routing Run command : composer create-project laravel/laravel routerapp Go to routes/web.php and create a new route Route::get(‘/greeting’, function () { return view(‘Xmas’); }); Go to browser and enter http://127.0.0.1:8000/greeting Go to resources/views and create new .blade.php : greeting.blade.php with the following script <!DOCTYPE html> <html> <head> <title>Ho Ho Ho</title> </head> <body> Xmas! </body> </html> Required (URI) Parameters Go to routes/web.php and create a new route Route::get(‘/album/{year}’,function($year) { echo ‘Year: ‘.$year; }); Optional Parameters Route::get(‘siblings/{name?}’, function ($name = ‘John Doe’) { return $name; }); You will notice we give default value for variable $name above. If the consumer / requester did not provide the URI param, our API will return",Artículo
Scraping & Analyzing CS:GO Game Score Data,"Counter-Strike: Global Offensive (abbreviated as CS:GO) is a multiplayer first-person shooter video game. Recently, competitive CS:GO surged in popularity. Gambling on CS:GO matches is also massively popular; wagers placed on CS:GO matches account for approximately 29% of worldwide esports betting volume (source). Competitive CS:GO games follow a predetermined format: the first team to score 16 points wins the game. If both teams score exactly 15 points by the end of the 30th round, the game either ends in a tie or continues to overtime depending on the league rules. CS:GO bettors often place wagers on the total amount of points that will be scored in a single game. Bets like this are know as over-under bets. For example, in an",Artículo
Reduce Satellite Image Resolution with Google Earth Engine,"Implementation Problem statement In this article, I will use several satellite images. Here is the list of the data that I will use. Precipitation data from TRMM 3B43. It has a 25 KM per pixel resolution. This data will be downscaled to 1 KM so we can see highly detailed precipitation data (link) Normalized Difference Vegetation Index (NDVI) from MODIS. It records the quality of vegetation in a certain area, and it has 1 KM per pixel resolution. This data will be a predictor of the precipitation data (link) Digital Elevation Model (DEM) from SRTM. It records elevation on earth, and it has 90 M per pixel resolution. This data will be a predictor of the precipitation data (link) Land",Artículo
Combine rows on multiple values removing null in SQL Oracle,"I have calibrations logs for a piece of equipment. There are 3 calibration types that need to be logged daily, with failing results needing a retest. Data can look like below in One day: EQUIPMENT # CALIBRATION LOT NUM RESULT RESULT ASSESSMENT 1 HIGH 123 2 PASS 1 LOW 123 1 PASS 1 ROOM TEMP NULL 74 PASS 2 HIGH 124 2 PASS 2 LOW 124 2 FAIL 2 LOW 124 1 PASS 2 ROOM TEMP NULL 74 PASS I need my columns to look like: EQUIP # LOT CALIB HIGH CALIBR LOW ROOM TEMP RESULT ASSESS 1 123 2 1 74 PASS 2 124 2 2 74 FAIL 2 124 2 1 74 PASS I've tried using MAX but",Pregunta
How can I compile Raylib to WASM in Golang?,"I'm trying to compile Raylib to WASM in Golang, but when I run the command Go can't seem to compile rcamera, and it gives me the following error message I have no clue why the library won't compile, and I can't find anything online. It's also possible it can't compile the entire Raylib library and go just doesn't get that far because there's to many error messages, but I have no clue.",Pregunta
SpatialKey,"Background The Journey If you were to map (sorry, pun intended) my journey, in the field we call UX, SpatialKey would certainly be one of my bigger stops. I was the first and only UX person at the time. SpatialKey was a startup under Universal Mind. We had a very small team of people for many years as we built up the product. I learned a lot about more than just product design; the pressures of startups — make money as of yesterday — and especially how difficult it is to design applications that do a lot of very, very complex things. Five-O SpatialKey began as a demo that was on its way to becoming an MVP when I was",Artículo
"Switch in different hash values to a combination array, and perform a calculation that ranks the first array - Ruby on rails","I have a few arrays that contain the same value, but have different keys associated to them. In this case, I have names of Teams and Drivers that have an associated Price and Points value. I have used 4 for each but there could be any number in either, both being decimals. I have turned the driver_price and team_price hashes into an array that gives me all the combinations less than or equal to a target value. With the condition that it can only contain 1 team and 3 drivers. I now want to rank those price combinations, by highest points. So I'm hoping there is a way that, in my current combinations I can substitute in the equivalent points",Pregunta
How to load onnxruntime.dll in C++ project from application directory instead of system?,"I am trying to use ONNX Runtime 1.22.0 which is in my application directory. I have added , , , and command to copy dll to application directory under in Visual Studio's project properties. But when I try to load the DLL using , it always gets the 's which has version 1.17. I have tried to load the using flag, adding the dll's directory first using directory: It gives the error message: , and loads from system the older 1.17 version of onnxruntime. This is where the error occurs for lower API version:",Pregunta
Class table inheritance (use or alternatives) on a BaaS webapp,"I'm working on a personal project to keep track of the media I consume (movies, books, manga, anime, comics and series). Currently I'm in the process of modeling the database. As I was starting to understand the data and its relations, as well as going to 3NF, I came across this problem: all of these media types share a lot of common attributes and only have a couple of fields that distinguish them from each other. This UML diagram will make it clearer: As you can probably tell by the diagram, I'm thinking of using class table inheritance over the alternative single table inheritance . So the questions are, is this approach any good? Are there any other better alternatives",Pregunta
flextable adding a new column when using tbl_stack in gtsummary,"I'm using tbl_stack to combine two tables and I have a group header for each table. It looks fine when I view the table in R - however, when I export the document to .docx format, flextable is adding a column for the group header. Is there a way to make it keep the group header as just a row separating the two tables - not a whole new column? The left is how it looks in R, the right is how it shows up in Word",Pregunta
New: A SignInWithAppleButton in SwiftUI,"SignInWithAppleButton You may indicate if you would like to be a signup or a sign-in. Here, you will be doing a sign-in: The request scope is where you can specify what kind of information you would like to collect from the user. Currently, you are only collecting the full name and email address. Authentication is successful. Here, you will be able to get the credentials and information to store in your database. If the authentication fails, you will be able to identify the error with the provided description. In case you would like to have a signup, just change .signIn to .signUp and run the project: There is also .continue : Thanks for reading!",Artículo
Meeting Lambda #8: To Mutate or Not,"One important technique every JavaScript developer should have is to distinguish between values and references. The reason why is because if you fail to understand references, your code eventually can lead to unexpected behaviors. As you may notice, the first part works as expected. y receives the current value of x unlike ys that receives a reference of xs . In the case of the array, both identifiers are different (a.k.a. variable name — xs and ys ) but they point to the same variable in the memory — same reference. To prevent this kind of behavior you should properly copy all elements from the array. Another way to do this is to simply use Array#slice with empty arguments (See",Artículo
"🍬 Syntactic sugar, diabetes alert 🚨","This function, theoretically — without considering inner loop combinations.map() — takes O(n). Linear time - should be good, right? But that’s just in theory. Why? Because: map loops through the original array, creates new array based on it and returns the new array — new resource is allocated. Same goes to filter , reverse , etc... reduce also requires to loop through the new array again, and returns a reduced value based on that array with a calculation formula passed. Each of these calls are known to be much slower than the original for loop, regardless how optimised the JS profiler is built. JavaScript is single-thread. This means while it is in a loop, the browser is technically pausing and",Artículo
Why 'libs' is not available in the conventions plugin gradle kotlin?,I am using gradle 8.8 version with kotlin. I have the next strcuture of the project: In libs.versions.toml I have som version declaration: In settings.gradle.kts I have link to the toml file like: And I still cannot use because is not available for me in though it's available in . I tried the same with groovy and it works. is available there. Why? Documentation that I followed: https://docs.gradle.org/current/userguide/version_catalogs.html https://docs.gradle.org/current/userguide/custom_plugins.html I tried: Add in settings.gradle.kts Do the same with groovy instead of kotlin I am excpecting: notation will be available for any of my convention plugins under /buildSrc/../kotlin/ directory,Pregunta
Quill-Cassandra. Could not reach any contact point,I'm trying to set up a connection to Cassandra using Quill but I get an error: I'm using Scala 2.13.14 and the following dependencies application.conf configuration Function for obtaining CassandraContext What could be the problem?,Pregunta
Is there a way to express dependency on the first iteration of the parallelized loop?,"My program needs to perform some heavy calculations on all widgets in the box . The calculations are repeated an appreciable number of times processing multiple variations of each widget. All of the subsequent variations depend on the base one, but are independent from each other. Currently the program uses two parallelized loops: Process each widget's base variation: Process all subsequent variations of each widget: This works, but is suboptimal, because the second loop is not starting until the first one is completed -- meaning, that the processing cores are underutilized while the last widgets are still going through the first loop. So, I think, it'd need to be a single loop... Is there some way to express this dependency",Pregunta
Improve quality of resized images using PHP/GD,"I have a client with an ecommerce site (totally bespoke in PHP/MySQL etc so not Shopify, Wordpress or any other opensource platform) selling books and they upload a roughly 1500px high by 1000px wide JPEG of the book cover and some inner pages. This is created by a professional graphic designer and he says he outputs from Photoshop at high quality - the resultant images are typically 500Kb to 1Mb in size. My site then creates Large (800px wide), Medium (272px) and Thumbnails (128px) as JPEGs for use in various sections of the site. The client is complaining that the medium and thumbnails are hard to read (given that there is text in these images, being books). They also (recently)",Pregunta
From “Technical Debt” to “Technical Decision”,"This article first appeared on the Microsoft for Startups blog by Penina Weiss. Technical debt is a term that reflects the: “implied cost of additional rework caused by choosing an easy solution now instead of using a better approach that would take longer” [Definition of the term “technical debt” (plus, some background information and an “explanation”). Techopedia. Retrieved August 11, 2016.] I would like to present a different approach or point of view on “technical debt”: There is no such thing as “technical debt”. At every stage, we (development managers, leads and developers) decide (or should decide!) what and how to develop based on return-on-investment (ROI) considerations. I would even go further and say it is reckless and not professional",Artículo
Making a CSV file into a hash and then grouping by criteria,"In ruby, if I have a CSV file that looks like this: how would I be able to change this to a hash and be able to group them together by amount of doors or another parameter from the header, for example, the program asks the user for the amount of doors, if the user enters ""2"" then only the lines that have ""2"" for doors will be outputted (please comment)",Pregunta
Debug Laravel query with parameters,"This will apply for both Eloquent and Query Builder - DB To debug your sql in Laravel you can you $userQuery = User::where('email', 'example@email.com'); dd($userQuery->toSql()); The result ""select * from `users` where `email` = ?"" To view full sql with parameter, use this piece of code $userQuery = User::where('email', 'example@email.com'); $fullQuery = vsprintf(str_replace('?', '%s', $userQuery->toSql()), collect($userQuery->getBindings())->map(function ($binding) { return is_numeric($binding) ? $binding : ""'{$binding}'""; })->toArray() ); dd($fullQuery); The result",Artículo
13 SIGNS OF A HACKED COMPUTER,"Cybercriminals gaining access to your computer has become a very serious threat in today’s digital world. Stealthily accessing your system, hackers can get free rain of all your personal details and accounts and install harmful malware and can turn your life upside down !!! But there are certain signs you can look out for, that might just save you some serious trouble if you spot them early !!! Hey there guys !!! You are on Infinite Knowledge !!! We will keep giving you interesting and amazing information …. But to never miss any of our new posts… Click that Red Notification Bell !!! So that you will be notified whenever we post something great !!! And that subscription form will",Artículo
Retrying and Exponential Backoff With Promises,"Set Up In this scenario, let’s mimic the behaviour of a browser and a server. Let’s say the server has an abysmal failure rate of 80%. The apiCall function mimics the behaviour of calling an endpoint on a server. Retrying When the apiCall is rejected, getResource is called again immediately. With a Delay If a server is already failing, it may not be wise to overwhelm it with requests. Adding a delay to the system can be a provisional solution to the problem. If possible, it would be better to investigate the cause of the server failing. const delay = () => new Promise(resolve => setTimeout(resolve, 1000)); const getResource = () => apiCall().catch(() => delay().then(() => getResource())); Exponential Backoff The",Artículo
Flyway migration Gradle task doesn't work,"I have Kotlin Spring boot app, which using flyway migrations as gradle plugin. The need to use flyway migration as gradle app is to use JOOQ generation plugin (as a gradle task as well). This is my build.gradle.kts, where i'm trying to get environment URL of db: this is my docker-compose.yml: I'm even starting postgres manually firstly, and initializing database: and using intellij's db connect creating database then I'm trying to just build backend, which have this Dockerfile: result: postgres db is alive Is there a solution to this problem, that my build.gradle.kts will use environment of docker compose container? I actually tried this dockerfile: but it doesn't worked: as well as setting url to jdbc:postgresql://localhost:5432/lpnuqueue:",Pregunta
Knownsec Blockchain Lab and Huobi Global reached a strategic cooperation,"On April 8th, Knownsec Blockchain Lab and Huobi Global reached a strategic partnership. The two parties will conduct in-depth cooperation in the direction of ensuring the security of user assets and improving platform security. Huobi Global, an innovative digital asset trading platform under Huobi Group serving professional trading users around the world, is committed to discovering high-quality innovative digital asset investment opportunities. In October 2017, Huobi Group fully launched its international strategic layout, focusing on trading services, and radiating to the global region with Huobi Global as the origin. As one of the digital asset service providers with the largest number of compliance licenses in the world, it is located in the United States, There are subsidiaries or cooperative companies",Artículo
Problems building Ruby on ARM-64 MacOS machine,"Unable to build Ruby 3.1.1 on my Mac OS ARM-64 machine, as it tries to use x86_64 versions of some files. I'm trying to use brew and rbenv to manage my Ruby installation. I have used several sources online to try to specify the OpenSSL and libFFI installations on my system, but something is clearly still wrong. I'm typing: Still getting an error. Specifically, I get: , and, later in the process, what appears to be a related error: This is after I setup my .zshrc with the lines ,as instructed by other searches here and elsewhere. Does anyone have any idea what to do? I imagine that Ruby 3.1.1 has been compiled by others on MacOS. At least part",Pregunta
Nexus Mutual Attack: 8 Million Lost,"At 09:40 am UTC, Dec 14, 2020, CertiK Skynet found a large transaction from Hugh Karp, the founder of Nexus Mutual, which transferred a total of 370,000 NXM tokens to an unknown account. The total value of tokens is approximately 8.33 million US dollars. The CertiK security investigation team quickly launched an investigation and analysis and believed that the transaction was a targeted attack towards the account of Mr. Hugh Karp. The attacker’s account address is 0x09923e35f19687a524bbca7d42b92b6748534f25, and some of the tokens obtained by the attack have been traded at 1inch.exchange through the transaction 0xfe2910c24e7bab5c96015fb1090aa52b4c0f80c5b5c685e4da1b85c5f648558a. Attack transaction hash: 0x4ddcc21c6de13b3cf472c8d4cdafd80593e0fc286c67ea144a76dbeddb7f3629 Figure 1: the attack transaction hash Source: etherscan.io According to the official disclosure, after obtaining remote control of Hugh Karp’s personal",Artículo
Dasymetric reaggregation using Mapshaper,"One of the traits we were curious about was age. What share of our precinct’s population were older residents (aged 60 and up)? On initial thought, it might be tempting to just get the share of older residents from the tract our precinct overlaps with and use that metric. However, that assumes that the population is evenly distributed throughout the entire tract, which we know isn’t true. Plus, our precinct overlaps with four tracts, which presumably all have different shares of older residents. The solution is to use Census blocks, the smallest geography the two geographies have in common, as a go-between. You can download Census blocks with population data here, named by state FIPS codes. Census blocks will be",Artículo
What Happened to Tests?,"In recent years, we’ve made it trivially easy to build and operate increasingly complex systems, yet we still [try to] test these systems as if they were the simple applications of generations ago. Talk to developers about testing at their organizations and you’ll hear no shortage of alarming stories. Stories about unit tests purposely built to increase coverage, mocked interfaces behaving nothing like the real interfaces in production, ever-increasing rates of test and build flakiness, ever-decreasing rates of developer productivity, complex end-to-end tests that take weeks to debug, and worse. All things considered, rare is the occasion you find an application developer or an engineer in test satisfied about testing at their organizations. It’s unfortunate, given the speed at which",Artículo
Data Synchronization Patterns,"Data Synchronization Patterns A software design pattern is a general, reusable solution to a commonly occurring problem within a given context in software design. A design pattern is not an implementation note that can be transformed directly into source or machine code. Rather, it is a description or template for how to solve a problem that can be used in many situations. Design patterns are formalized best practices that the programmer can use to solve common problems when designing an application or system. One of these architectural topics I will show you in this article. Data Synchronization Patterns catalog was created in 2012 by Zach McCormick and Douglas Schmidt and named “Data Synchronization Patterns in Mobile Applications Design”. A lot",Artículo
Project Estimation: Practical Tips,"Despite the fact that responsibility for the numbers provided in the estimate rests with your dev team or software development partner, both you and your vendor are in charge of its accuracy. To get an estimation goes beyond just having an idea and money to support it. Project owners must be able to express the project idea to the estimators, cast their vision, and plot the vector of the project evolvement. There are several considerations to make so as to avoid margin of errors and other forms of consequences that are generally not palatable. Practical Tip for Project Stakeholders This article is shedding light on some practical tips that can be used when you are putting together a software development",Artículo
Azure Container App - Container pull image failed with reason: ImagePullFailure. Revert by terminate,I have a weird error. I can pull the image to my local computer with the credentials I'm using on Azure and it works fine. I don't think it is a network related issue. However when deploying to Azure Container App it does not work. I have verified the credentials and the container is set up to use Admin Credentials as well. The following Environment variables are set and correct: Platform logs:,Pregunta
DOS via a billion laughs 😈,"How can I defend against a billion laughs? Assuming that you cannot control the input directly and prevent XMLs with attacks from reaching you at all, I can think of 4 measures: Lazy evaluation of references : Instead of evaluating the whole document at once, the references are only resolved when necessary. It might solve some issues. : Instead of evaluating the whole document at once, the references are only resolved when necessary. It might solve some issues. No evaluation of references : Throwing the dangerous feature out of the window for sure means that you’re not vulnerable to the attack anymore. You need to make sure it doesn’t affect your users, though. Communicating this might be hard. : Throwing",Artículo
Need help calling external Java Main from my own Java application,"Linux 9 (Centos), Java 21, medium to low Java experience I have a 3rd party command line tool that runs a Java app. Basically I run It builds up a command like this: I have put the proper jar into a decompiler and see this main: So I want to call this from my own Java app. I know I can start it as an external shell (running the shell script), but I hate doing that. I feel I should be able to call the main like this: But it throws a on one of the class files in the class path. I have also tried putting these parameters in the invocation of my app as well with the same",Pregunta
A Recap on Android Development,"A Recap on Android Development The world of Android development is changing at a fast phase. This article will recap the most important things from Android Development… It’s been almost 12 years since Android originally rolled out on September 23, 2008. I remember back in 2012 when I had started Android Development there were no many resources and things are not so easy to implement. As it was the starting point of the evolution of Android people have mostly used the Android mobiles to check mails, texting, calls, etc. People have not used many apps at that point. There were very limited apps. As quick changes started in the development phase since 2015 I was lazy I was not updated",Artículo
SPICE (Software Process Improvement and Capability Determination) in software engineering,"CHAPTER 1: INTRODUCTION TO SPICE Software is the set of instructions within the sort of programs to control the PC system and to process the hardware components. To produce a software product the set of activities is employed. This set is named a software process. There are four basic key process activities: 1. Specifications: In this process, software is defined and detailed description of a software system to be developed with its functional and non-functional requirements. 2. Development: In this process, designing, programming, documenting, testing, and bug fixing is completed. 3. Validation: In this process, evaluation software product is completed to make sure that the software meets the business requirements as well as the end users needs. 4. Evolution: It",Artículo
"One-Hot Encoding is making your Tree-Based Ensembles worse, here’s why?","One-Hot Encoding is making your Tree-Based Ensembles worse, here’s why? Optimizing Tree-Based Models I am a Master’s Student in Data Science at the University of Virginia and I am working on lots of Machine Learning Projects. Every week, I will be addressing one problem that I faced when working on a project along with a practical solution. Most real-world datasets are a mix of categorical and continuous variables. While continuous variables fit into all machine learning models quite easily, the implementation of categorical variables is vastly different in different models and different programming languages. For instance, R deals with categories using a variable type called factor which elegantly fits all models without an issue and Python would require you to",Artículo
Information Flow in Three Work Cultures,"Nothing defines a group of people more than its culture. More than anything else, culture shapes what it feels like to be a part of that group. “Culture” is an expansive concept, and can include everything from the most foundational beliefs and major ceremonies of a group, to the most mundane little details of daily life. Art, music, food, speech patterns, clothing, architecture… the list could go on. But what does culture mean in a business context? What is your culture at work? How does the culture at work affect your ability to work? Work cultures are distinct from other cultures in that they are much more narrowly focused, and are often created with a lot of intention. If culture",Artículo
Linq sort entity if JSON value exists,"I have a db table column where some properties are stored as json. Here is an example : I need to change the OrderBy based on that JSON value. It can be ASC, DESC, or no OrderBy() if there is no value in there. The sort column ""properties"" is in the same table as AllItems. I will need to dynamically sort the column based on properties JSON. Any suggestions?",Pregunta
THREEJS - Ray intersection on instencedMesh that has multiple morph targets,"I would like to create an that can handle morphing. I need morph targets because each instance should have different shape so morph targets seems handy. Also each instance should detect rays because I need mouse events on each instance. is needed because I want to draw large number of objects with the same material but different size. Mesh approach First I create a mesh with a geometry that has morph targets to make sure the morphing works as it expected. The base geometry have four morph targets top , bottom , left and right . Each morph target just move the edges in the given direction. I manually calculated the and to be able to detect cursor on the",Pregunta
Research on Industry Use cases of Kubernetes,"In this article I am going to on Research how Kubernetes is used in Industries and what all use cases are solved by Kubernetes? What is Kubernetes ? Kubernetes is a portable, extensible, open-source platform for managing containerized workloads and services, that facilitates both declarative configuration and automation. It has a large, rapidly growing ecosystem. Kubernetes services, support, and tools are widely available. The name Kubernetes originates from Greek, meaning helmsman or pilot. Google open-sourced the Kubernetes project in 2014. Kubernetes combines over 15 years of Google’s experience running production workloads at scale with best-of-breed ideas and practices from the community. How kubernetes Works ? Kubernetes, a container orchestration system — a way to manage the lifecycle of containerized applications",Artículo
A Non-Volatile INDIRECT Alternative in Excel using the Pub/Sub Pattern,"A Non-Volatile INDIRECT Alternative in Excel using the Pub/Sub Pattern Dramatically improve spreadsheet performance and decouple your workbooks. The INDIRECT function in Excel is a tricky beast. One the one hand it can be incredibly useful, but on the other hand, it is responsible for crippling the performance of many spreadsheets. In this article, we’ll look at what the INDIRECT function is, why it is so bad for performance and an interesting alternative that is superior in almost every way. A brief explanation of the INDIRECT function Using INDIRECT to get a value from another workbook The INDIRECT function takes a cell address and returns the value contained within the cell. When designing a spreadsheet or set of spreadsheets it",Artículo
Unify data silos with AWS AppSync,"Silos Most organisations that process data will have experienced the concept of data in silos. This is where an application is built for a particular purpose and tied to a data store. While this may solve a particular business problem, as time passes developers and engineers may start to spend time extracting data from these silos for other purposes such as analytics and machine learning. If you are lucky your teams might have provided API’s to access the data, but what if that API is missing two key fields that you need or returns too much data? For older software that is using a relational database for its data store its more likely that the software is using SQL with",Artículo
How to make K2 SmartForms (by Nintex) work with Bootstrap 5 + SASS?,"I’m trying to style my K2 SmartForms (by Nintex ) using Bootstrap 5 with SASS . However, SmartForms have their own generated HTML structure and styles that often conflict with Bootstrap’s classes and layout system. I’d like to integrate Bootstrap 5 styling (grids, buttons, forms, spacing utilities, etc.) without breaking SmartForms functionality. What I’ve tried: Added Bootstrap 5 compiled CSS and JS files to the SmartForms theme via StyleProfile (External css & js files) Attempted to override K2 default styles using custom SASS variables. Scoped Bootstrap with a parent class to avoid global conflicts — but that breaks layout consistency. Tried recompiling Bootstrap with custom variables and a namespace. My questions: What’s the best way to integrate Bootstrap 5 with",Pregunta
Why do i get different results when I print out characters in the buffer when using a for loop and a printf function?,"I have been practicing C and so I thought making a file encryption and decryption program would be good practice.However as I was working on the problem of displaying the encrypted form of the files content on the terminal, I came across a challenge with displaying the characters I stored in the buffer on the terminal, The values displayed when I use the printf function seem to be incomplete and when I use a for loop to iterate through and print each character in the buffer, some characters end up being ignored. I have tried debugging but there has been close to no progress. I would really appreciate it if someone could let me know what went wrong. I initially",Pregunta
An Intro to Apple’s Combine Framework,"by Daniel Carmo, Agile Software Engineer Photo by AltumCode Combine was announced by Apple in the 2019 WWDC. This new framework is used to implement Reactive Programming natively in Swift. The Combine framework provides a declarative Swift API for processing values over time. These values can represent many kinds of asynchronous events. Combine uses three core concepts in order to create easier to read and maintainable code: Publishers Subscribers Operators Here’s a quick breakdown of the core concepts: Publishers Publishers are items that describe what values and errors can be produced. Publishers are value types to be defined as structs and allow for registration by Subscribers, which receive the values they produce. The Publisher protocol is defined as follows: (WWDC",Artículo
The 6 AI opportunities for right now,"2. Better understand what your users want In life to be a strong communicator you need to be as good if not better at listening than you are at talking. Traditionally computers have been designed to be better and faster at displaying output (talking) over improving how fast they are at receiving and analysing input (listening). To use a simple example, from very humble beginnings we now have every different sized screen imaginable from wrist to billboard, but keyboards are still essentially the same as they have always been. So how do we make our computers better listeners? Think about a human-to-human conversation where one person asks the other what the weather is like. Emma: “Hey, I was thinking about",Artículo
Do You Know Where and Why Users Drop Off the Conversation?,Do You Know Where and Why Users Drop Off the Conversation? Use the new Dialog Flow Analysis Notebook to understand where and why users abandon your Virtual Assistant Co-Authored by Avi Yaeli and Eric Wayne. DDo you feel blind and overwhelmed by the task of improving your virtual assistant? Try our new Dialog Flow Analysis Notebook. You’ll identify problems that keep your users from being successful. Photo by giovanni sciacca on Unsplash You have a purpose in mind with each assistant that you create. Are you providing information or helping your users perform a task? Delivering an assistant requires training to detect what the user is trying to achieve (intents and entities). You must define how to help the user,Artículo
Exploiting XML External Entity (XXE) Injections,"XXE injection is a type of web security vulnerability that allows an attacker to interfere with the way an application processes XML data. Successful exploitation allows an attacker to view files from the application’s server and interact with any external or backend systems that the application can access. Understanding XML Entities XML XML stands for extensible markup language and is designed for storing and transporting data. It is like HTML in that it has a tree-like structure of tags and data but with XML there are no predefined tags such as h1 , img , div , etc.; tags are custom named for the data they represent. XML Entities XML entities are a way of representing an item of data",Artículo
Distributed cache system design,"What is caching? In computing, a cache is a high-speed data storage layer that stores a subset of data, typically transient in nature, so that future requests for that data are served up faster than is possible by accessing the data’s primary storage location. Caching allows you to efficiently reuse previously retrieved or computed data. The caching system’s data is actually stored in the faster access hardware like RAM. RAM provides faster i/o operation and reduces latency. Caching is used in every layer of technology e.g: operating systems, CDN, DNS, in many applications like searching, also used in games to increase media content performance. When implementing a cache layer, it’s important to understand the validity of the data being cached.",Artículo
Go: Slice and Memory Management,"Illustration created for “A Journey With Go”, made from the original Go Gopher, created by Renee French. ℹ️ This article is based on Go 1.13. The slices in Go are very convenient and quite interesting internally. There are many documentations only about it, including this Go blog, which explains the fundamental concepts of the slices, including its internal representation, very well. This article will focus more on the memory management that surrounds the slices. Let’s start with the manipulation of the elements with their copy and deletion. Copy Go allows developers to copy a slice thanks to the built-in function copy . However, the function append that appends values to it could also be used to copy a slice. Here",Artículo
Reconcile Your Monthly GCP Invoice with BigQuery Billing Export,"If you are involved with the Google Cloud Platform billing for your organization, you may have noticed that there is currently no programmatic access to the details of your monthly invoice. Read on to learn why this is frustrating and how you can ultimately solve the problem thanks to recent updates to the BigQuery Billing Export. Invoice Notification & Access Whether you are setup with online billing (credit card or direct debit) or offline billing (monthly invoice), you can receive an email notification from Google when your invoice is ready. If you pay automatically with a credit card or direct debit, your invoice notifications will come from payments-noreply@google.com with a subject such as Google Cloud Platform & APIs: Your invoice",Artículo
Setting up Android devices for Espresso tests with Testdevicemanager,"UI tests are an important part of our test pyramid at the WELT Mobile Native development team. That’s why we continuously put an effort not only into extending the UI test coverage but also into making the whole process smoother and automate more and more parts of it whenever possible. Several issues were causing our UI tests to fail and resulted in time-consuming investigations that could have been avoided if the test devices were set up correctly. These issues were, for example: being connected to a wrong WiFi stay awake mode was not activated and the device turned off the screen during the test animations were enabled when the tests started Setting up the devices automatically before each test run",Artículo
Fixing the Conflict Between Math and Machine Learning,"The evergreen question when someone into Machine learning is Do I need to know Math for Machine Learning? I suck at Math, can I able to pursue ML ( Machine Learning ) still? The blog is solemn of my takeaways and being practicing ML 6 months for now. So whatever is up to from now take it as a grain of salt, remember if it doesn’t work, you can always shift the boards and try another way. It all started with an Internship, I asked a guy who works there, Where should I do start to learn Machine Learning? He smiled and gave me a Big Statistics book I have ever seen ( didn’t give me literally ). I was",Artículo
The ID field verification doesn't pass the validation from the first try,"I have the field where user writes the 9-digit number. The number should have 9 digits and it should pass the Luhn algorithm: The Luhn Algorithm check is defined below: So, if I type some number that should pass all of those checks, I get an error. When I rewrite one digit from it, the error resets. I tried resetting the error before it checks for validation, removed the double-check for the number to be 9-digits long, didn't help. I'm quite new to the Kotlin, so any help with explanation will be appreciated.",Pregunta
Inversion of Control for the Infrastructure with Consul,"In the first article Discovery at Scale With Consul, I explained how we added support for Service Metadata to achieve automatic provisioning of Load-Balancers (LB) in our infrastructure, allowing us to create a full stack of Reverse proxies in a declarative, explicit and decentralized way. Let’s go a bit beyond this usage and see what we can do with metadata. Enriching Consul with declarative data Consul lets you enrich your agents and services with additional data. Let’s start digging into what is possible and how we enrich that at Criteo. For each node A Consul Agent is running on a node (it can be a VM or a real machine) and you can enrich it with metadata. This is just",Artículo
Create a summary() table by date in R,"This must be simple, but I can't find guidance how to accomplish it. I've got a very simple (sample below), with a date variable and a temperature variable. The output I want is a data frame by date (i.e., one row per date) with a column for each of the outputs of the summary function: Here's the input dataframe (much truncated): It looks from my googling as though summarise_by_time used to do what I'm trying to do (see https://search.r-project.org/CRAN/refmans/timetk/html/summarise_by_time.html ), but it does not appear to be available in modern dplyr and I can't find what's replaced it. I've also tried describe_by thus: but it returns summary of both the date column AND the coretemp column which is unhelpful.",Pregunta
Can not save spark 4.0 sql dataframe into redis database (Connection reset by peer),"I try to make some python codes of saving spark sql dataframe into redis database. First, my development environments are And These are simple pyspark codes. But Errors are thrown when inserting spark dataframe into redis. The below messages are written In log file. However, above codes are executed successfully on spark 4.0 installed on Ubuntu 22.04. So I have no idea why these errors occurs only on windows 11. Do I miss any configuration of spark 4.0 on windows 11? Any reply will be grateful.",Pregunta
Intervention\Image\Exception\NotWritableException Can’t write image data to path,Intervention\Image\Exception\NotWritableException Can't write image data to path Thanks for contributing an answer to Stack Overflow! Please be sure to answer the question. Provide details and share…,Artículo
Messenger Bot using Flask and API.AI,"Setting up API.AI API.AI is a conversational experiences platform. Register and create an account at API.AI. Create an agent to access test console. Navigate to settings of the agent and get the Client Access Token. Creating an intent An intent is mapping between user expression and the desired response. We can train which user input fits to which intent. We can also use built-in parameters within the user input and set context. This helps us categorise the user inputs. Setting up the Flask Server Add client access token, page access token and verify token. A page has to be created for the bot. That page access token is needed. Verify token can be anything as per developer choice. CLIENT_ACCESS_TOKEN =",Artículo
"'oauth2: ""invalid_grant"" ""Bad Request""' error when including scopes in Goth Google authorization","The following 2 files are for authorizing google users using ""github.com/markbates/goth"": auth.go file: handler_login.go file: This code works fine, but if I include the scopes I want in my Google provider (that I have commented out in auth.go above), then I get an 'oauth2: ""invalid_grant"" ""Bad Request""' error from my ""CompleteUserAuth"" function call in my login handler. I don't know why this only happens when I include the scopes, as they work for the authorization process as they should, it just seems to give this error when trying to get back a valid access token afterwards. This error is happening with any Google scopes I try and use, not just YouTube ones, and I haven't had this issue with authenticating",Pregunta
The Difference Between Function and Block Scope in JavaScript,"The difference between var, let and const variables There are three ways to declare variables in JS: var width = 100; let height = 200; const key = 'abc123'; var What is unique about var ? It can be reassigned and updated. For example: // Define the variable: var width = 100; // Call the variable: width; // It returns: 100 // Reassign the variable and call it again: width = 200; width; // Returns: 200 var variables are ‘function scope.’ What does this mean? It means they are only available inside the function they’re created in, or if not created inside a function, they are ‘globally scoped.’ If var is defined inside a function and I subsequently try to",Artículo
Discrepancy in Record Count Between Django ORM and Raw SQL Query,I'm encountering an issue where the count of records returned by a Django ORM query does not match the count returned by a raw SQL query. Here is the relevant part of my Django view: Above returns 6529 The Django settings.py contains: I have tried SQL query same bellow: Here is discrepancy within SQL query result ( which is 6540 ) I have tried in psql terminal and Django ORM result ( which is 6529 ) Please let me presenting an example: Trying SQL query same as: Result: Trying Django query same as: Result is: Shows that the encountered discrepancy within sql result between orm one. The consultant_reservations table is appropriated the Reservation model. Regards.,Pregunta
Effect in parent has no effect despite change in signal in child,"In the child, I have a field and on a click I alter contents of it. Then, I want an effect in the parent to fire detecting said change. For some reason, the effect doesn't fire when I alter the model input in the child (however, the effect fires when setting the signal in the parent. The child has this. The parent has this. I see the intial effect displaying an empty object. Then, I see the update from parent's init method. I also see the secondwise check displaying the value altered in the child. Yet - the effect won't fire again, only the aforementioned twice. I'm out of ideas on how to troubleshoot it further. Checking the official docs,",Pregunta
Software Architecture and Architecture styles in Software Engineering,"In Urdu/ Hindi Language To understand the concept of Software Architecture you should have knowledge and concept of what is Architecture. When you here this word, At the most simplistic level, you think about the overall shape of the physical structure. The word Architecture put the image of building into your mind most of the time but not simple building the most beautiful and well engineered building. Why this happen? Why this happen? Because just making a building is not the goal of arch Making a building by keeping all technical aspects in mind and dealing with them is the goal of architecture. It is the way in which the building fits into its environment and meshes with other buildings",Artículo
add texonomy to wordpress post with javascript,"I’ve developed a plugin that adds a button to the edit.php page in the WordPress admin. This button populates certain fields with data from a remote JSON file. However, I’m having trouble adding the title and taxonomy data correctly. Could someone please help me figure out how to do this? Here is my code: the title and tags (taxonomy) fields are not being filled as expected. All other fields are populated correctly, but the title remains empty, and the tags are not assigned",Pregunta
Build a RESTful API with GO and PostgreSQL.,"Why Go? Go is an open-source programming language that makes it easy to build simple, reliable, and efficient software. What we are going to build. A venue manager API. This API will allow users to Create, Retrieve, Edit and Delete venues. Prerequisites. To follow along you will need to have these installed. Go version 1.13, It is the version used to build this API. PostgreSQL installed. An IDE of choice, some of the recommended IDEs are listed here. An API Request builder. e.g Postman. I am assuming readers, have a basic understanding of Go. API Specifications. Endpoints we will have at the end of this article. Register a user after a valid POST request at /register . . Login user",Artículo
"Error in installing packages for R, ""Error: package or namespace load failed for ‘RJSONIO’ in dyn.load(file, DLLpath = DLLpath, ...)""","I am trying to batch download files from a figshare collection with around 70 files. I want to do this with the ""rfigshare"" package in R. However when I try to install the package in RStudio, I have repeatedly not been able to install one of the dependencies, ""RJSONIO"". This is the error message I receive every time I try to install this dependency: Also earlier in the console during the installation procedure there is a section which says: I have tried numerous other suggestions that were posted previously online, and have also tried to install the package on a fresh install of R. However none of those have worked. OS: Ubuntu 22.04 R Version: 4.4.3 RStudio Version: 2024.12.1 Will",Pregunta
Collaborative notebooks for debugging incidents,"Collaborative notebooks for debugging incidents We at Northzone are proud to announce a new seed-stage investment in Fiberplane, the first observability platform that brings a collaborative, declarative, notebook-based approach to resolving outages and coordinating work around SRE (Site reliability engineering) incidents. This news is a great opportunity to speak about observability software, and explain why we backed the company. In 2020, many companies invested in tools that identify and escalate when problems arise, including monitoring and logging (e.g., Datadog), alerting and incident response (e.g., PagerDuty), and issue tracking (e.g., Jira). With these tools firmly in place, the focus can now shift to mitigating incidents before they happen and increasing resilience after they do. Products like Framer and Figma have allowed",Artículo
Gensim LDA Topic Modeling for Article Discovery,"Creating the Pandas Data Frame: The Pandas library provides an easy to use intuitive data structure. All we have to do is populate a dictionary object and call pd.DataFrame(). Collecting all filepaths Kaggle stores its articles in JSON format in subdirectories, the easiest way to access these is to add the full filepath of each .json file to a list and repeatedly call json_load(filepath). There is a lot going on in this piece of code, but it’s actually not too complicated. We are just retrieving the data from the json file and then cleaning, stemming and tokenizing it then adding the data to the dictionary. Stemming parses the string and removes endings so that all that is left is the",Artículo
How to set a dynamic range by fixed number,"I am trying to set a range by a fixed number for an example. So if my value is 7 it will be in a range from 5 to 10 I was trying the old fashion method to add + 5 to the value, but it goes out of the range. (7 + 5 = 12) and it has to be in range between 5 to 10. Any idea?",Pregunta
Setting linear-gradient offset as percentage without background-size,"This looks simple and must be asked before, but I cannot find the question. I have the following animation: It works fine except the fact I should repeat twice: when setting of the element and when setting the vertical offset (it must be divisible by the height to make the animation smooth). Is there a way to make the class applicable to containers with different heights? Setting the offset as percentage requires that I can't specify either.",Pregunta
Getting Started With FastAPI,"Rest APIs are beautiful pieces of software that enable applications to communicate with a database or with other software very effectively. The kind of operations which you can perform are as follows are GET, POST, PUT, DELETE, TRACE, etc. The GET method is generally used for fetching some information from the backend. For example, if an app (web/phone) wants to fetch some information from the database, it will use the GET method. POST is used for creating new information. PUT is used for updating already existing records. DELETE, as the name suggests is used for the deletion of records in a database. The TRACE method is used for debugging purposes and used for checking what is received on the other",Artículo
SQL table design with foreign key,"I have two tables: Product Columns: Product ID (PK), Product Name Order Columns: Order ID (PK), Order Name I would like to store which Product Id for each order. Is it better to create another table: ProductOrder table: or add an additional column in the table: Edit: Order can only contain one product.",Pregunta
Encrypt Query Parameter in Flutter and decrypt in PHP to get Data,"The IV and the key are up here. My Task is to encrypt the queryParamters that no plaintext can be seen affter the ?. I can encrypt my job but not my queryparameter in that case the message per se. And after that the queryparameter must than be decrypt in php and send me the data from the job. In this line you can see that i have tried to put the message with the job but than for the job it is a ""double encryption"" and that is indeed not that sence. When i change the queryparameters to this for sure it doesn't work.",Pregunta
DockerのMySQLでコマンド操作を行う,"dockerで立てたMySQLでコマンド操作を行うには以下の２種類の方法があります。 dockerコンテナ内に入り、mysqlコマンドを実行する tcp経由でmysqlコンテナがマウントしているポートから接続する ひとつずつ見ていきましょう。 事前準備 既に接続したいmysqlコンテナがある場合は読み飛ばしてください。 mysqlのdockerコンテナを起動する $ docker run --detach --name sample_mysql -p 3306:3306 -e MYSQL_ALLOW_EMPTY_PASSWORD=1 mysql:5.7 docker ps CONTAINER ID IMAGE COMMAND CREATED STATUS PORTS NAMES 2d2723f178fa mysql:5.7 ""docker-entrypoint.s…"" 3 seconds ago Up 2 seconds 0.0.0.0:3306->3306/tcp, 33060/tcp sample_mysql 【方法１】dockerコンテナ内に入り、mysqlコマンドを実行する 1. docker exec コマンドでコンテナ内に入ります $ docker exec -it sample_mysql bash 2. コンテナ内でmysqlコマンドを実行します # mysql -u root -h localhost -P 3306 Welcome to the MySQL monitor. Commands end with ; or \g. Your MySQL connection id is 3 Server version: 5.7.30 MySQL Community Server (GPL) ​ Copyright © 2000, 2020, Oracle and/or its affiliates. All rights reserved. ​ Oracle is a registered trademark of Oracle Corporation and/or its affiliates. Other names may be trademarks of their respective owners. ​ Type",Artículo
"InfoSec101 — Part Four: Books, Books, & More Books","Stock Photos are awesome. Credit: http://www.capstan.be/can-computers-read-books-and-what-knowledge-can-we-gain-from-them/ In the final part to this series, I want to share something that’s very close to my heart: books. If you like reading, hop on this journey with me and explore the possibilities. If not, maybe you can recommend this list to people who do. As I’ve reinforced throughout this series, the cyber security industry is very fast paced. It’s clear that as technology changes, some books may become outdated, and you might think to yourself, what’s the point of reading 400 pages when the next version will be out in two years? Well, this list compromises of books that offer the reader basic, foundational, or necessary knowledge if they wish to continue down",Artículo
How do I deploy local model weights (best.pt) to CVAT for auto-annotation,"I'm trying to use locally with for image bounding box labeling. To save time, I'd like to use auto-annotation with a partially trained model. However, when I try to deploy the model from , I keep getting an error saying is missing. I'm not sure how to proceed. Any help would be greatly appreciated. I'm trying to deploy the model by running the code above, but it can't find requirements.txt. The image below shows the file structure. Here are the contents of each file. function.yaml handler.py requirements.txt",Pregunta
Rust & Tokio: How to gracefully shutdown a custom server running in a loop using a custom Signal handler?,"I'm building a Tokio server that provides multiple services such as http, gRPC, and more recently handles ZMQ messages. Graceful shutdown for http and gRPC is handled by a custom signal handler that catpures a number of signals in Unix / Windows environments. The signal handler is based on this SO answer: Rust & Tokio: How to handle more signals than just sigint i.e. sigquit? Now, I'm sitting over adding a zeroMQ message handler and unlike http/gRPC, the custom shutdown must be handled manually. Therefore, I passed the custom shutdown handler as a paramter, and once it's triggers, it breaks the main loop. The main idea is quite simple: Full code as gist: https://gist.github.com/rust-play/868cb8c78d7122aaebfe0f34eead716e without the message handling and just",Pregunta
Select City where first letter starts with a vowel,"I'm doing some coding challenge. ""Query the list of CITY names starting with vowels (i.e., a, e, i, o, or u) from STATION. Your result cannot contain duplicates."" I solved the challenge with this query: I assume there is a way of doing so without multiple OR statements OR is it? I have done some searching and it seemes it all required different/extra libraries.",Pregunta
GNU Parallel not passing strings to MATLAB,"I'm trying to use GNU parallel to run a set of experiments using MATLAB on our supercomputer which uses SLURM. I have a text file containing combinations of 4 parameters that are read in and passed to a MATLAB function. That text file is called and and has 4 columns separated by a single space. where parameters in columns 1-3 should be read in as a string, and parameter 4 is a number. I want to run each combination of parameters in parallel to speed up the process. My SLURM script is below, but when I tell GNU-parallel where to put each parameter using the notation , I get an error that MATLAB doesn't recognize the variable . Looking at",Pregunta
Data Security and IAM to Optimize your IT Security,"Data Security and IAM to Optimize your IT Security Sennovate Follow Jul 15 · 2 min read Yes, it is important and critical to safeguard your IT security. Business assets reside in the form of data and are rendered vulnerable in the event of a breach. Data breaches are happening just like that, and organizations are rendered helpless. Recently UniCredit, the bank and financial services organization revealed that the data breach had close to 3 million records that were exposed, revealing the names, telephone numbers, email addresses, and cities where clients were registered. Such breaches are said to have an impact over social media, rather than any real serious banking transaction, however, it is paramount that a breach had occurred.",Artículo
5 Flaws on Medium For Android That I Noticed,"Photo by saulhm on Pixabay That I hope will get fixed. Feedback is very important I believe. Particularly on new innovations and products. It is never possible to achieve perfection or to please everyone, but I believe products should be made to be the best they could ever be for the maximum benefit of their consumers. In addition, I believe they should always be room for improvement in every situation and an open space for giving constructive criticisms and suggestions. It is not a lie that Medium for Android has not been fully optimised yet. Which is kinda sad because Android attracts more users than its competitor and because mobile devices are the primary methods in which the majority of",Artículo
Reformat data to summarize and collapse rows into simple table,I have a dataset that looks something like this: name party count year likes retweet Tom R 1 2016 1357 23 Dave R 1 2016 1881 34 Larry D 1 2016 324 45 Tim D 1 2016 5587 56 Rob R 1 2016 9847 67 Sam D 1 2016 4466 78 Tom R 1 2017 ### ## Dave R 1 2017 ### ## Larry D 1 2017 ### ## Tim D 1 2017 ### ## Rob R 1 2017 ### ## Sam D 1 2017 ### ## Tom R 1 2018 ### ## Dave R 1 2018 ### ## Larry D 1 2018 ### ## Tim D 1 2018 ### ## Rob R 1 2018 ### ## Sam D 1,Pregunta
Angular: Why and when to create a feature component and feature module,"Designing Data Model Create the product interface, check below code for the product.ts file. export interface Product{ id: number | null; productName: string; productCode: string; productDescription?: string; } Define a product module which is a feature module for the application. Import CommonModules for the common module used in the feature module. import { NgModule } from ‘@angular/core’; import { CommonModule } from ‘@angular/common’; import { FormsModule } from ‘@angular/forms’; @NgModule({ imports: [ CommonModule, FormsModule, ], declarations: [ //Define feature component here later ], exports: [ //Define feature component here later ] }) export class ProductModule { } Import ProductModule in the root module. In our case the root module is the default app module. import { NgModule } from ‘@angular/core’;",Artículo
When to decide for NoSQL or SQL?,"Portuguese Version: https://inside.contabilizei.com.br/quando-utilizar-nosql-sql-9c9255cd5f12 Note: First of all, I would like to clarify that everything I put in this article is based on professional experiences in projects that I had the honor to participate that gave me this level of knowledge. From now on I make myself available for contact and discussion on the subject. Breaking paradigms: It is a fact that NoSQL came to break a series of paradigms and solve a series of problems that were understood as fact and / or routine. When such disruptive technology comes to market, it certainly meets something that was already a necessity. NoSQL databases have arrived offering a more flexible, scalable, and less expensive alternative to what the relational database offers. Everyone",Artículo
Add static type to a class in typescript,"I have the following setup in TypeScript: This works fine, but I want to define the type inside the class so that it's scoped to the class and can be referenced as something like . Ideally, I would like to achieve something like this: Since declarations aren't allowed directly inside a class, how can I achieve this behavior while keeping the type definition closely associated with the class? Is there a recommended way to encapsulate such types within a class in TypeScript?",Pregunta
ScyllaDB Developer Hackathon: New IMR infrastructure,"by Botond Denes IMR stands for In Memory Representation and in the scope of this blog post we mean the in-memory representation of cells. You might be asking, why is this even something worth talking about? Why not just use the native data model provided by the programming language in use? The answer lies in the programming language in use: C++ is a strongly typed compiled language and as such it needs to know all properties of a type at compile time. Cells on the other hand have various fields depending on the state they are in and even depending on the schema — the CQL type of the value they store. To give the simplest example, while a live",Artículo
Twitter as a Political Barometer,"Twitter as a Political Barometer Analysing the content of 1.5 million tweets by current UK politicians This is the third standalone post in a series analysing the UK government on Twitter. The first looked at the basic overview of how many MPs were on Twitter and who has the biggest following. The second article investigated this a bit more and investigated the following of each MP - in particular, how many people only follow a single MP or party (hint: a lot). This article will get to grips with the actual content shared by UK MPs on Twitter. I have scraped every tweet that the current 580 MPs on Twitter have ever tweeted: a dataset of over 1.5 million tweets.",Artículo
"A Less Known Attack Vector, Second Order IDOR Attacks","Most of you probably familiar within the vulnerability types “IDOR (Insecure Object Direct Reference)” and second order vulnerabilities such as “Second Order SQL Injection.”, still for the ones who are not familiar, OWASP defines IDOR in theory as: Insecure Direct Object References occur when an application provides direct access to objects based on user-supplied input. As a result of this vulnerability attackers can bypass authorization and access resources in the system directly, for example database records or files. So if you imagine, there is an endpoint exist such as https://ozguralp.com/my_cards.jsp?card_id=1231414 on a standard user profile, when you change card_id parameter sequentially if you get other users card information unauthorizedly, then the endpoint is vulnerable to IDOR attacks. Now, PortSwigger defines",Artículo
Lean Analytics Using Your Existing Jira Instance,"In my Tapping Into Jira’s Hidden Treasure post I mentioned I would soon be releasing a Lean Analytics Dashboard (LAD) that provides in depth Lean/Agile metrics and analysis. Today, I am making the LAD freely available to use. Like the Enhanced Jira Query Tool the LAD is a stand-alone tool built using Google Sheets and Google Apps script. It automatically pulls data from your existing Jira instance, allowing you to turn that data into information you can utilize to help understand your team’s behaviors and enable your continuous improvement efforts to be more data driven. The Lean Analytics Dashboard transforms the raw Jira data into concise chart based metrics rendered in configurable dashboards so you can focus on the areas",Artículo
"Why would the Supabase client cause a MiniOxygen error with ""dev"" script but work with ""preview"" script?","In my up to date shopify hydrogen/remix app, I am trying to import the supabase-js package into my server.ts or specific route. When I initialize the createClient function, then run the ""shopify hydrogen dev --codegen"" command, I get this error. When I run the script for ""npm run build && shopify hydrogen preview"", it starts up and works without problem. The supabase-js client works as intended. This is a snippet from my file where the client is called Now I am stuck trying to wrap my head around why one would cause issues but the other does not. My first thought was perhaps it is related to the pnpm workspaces used in this monorepo. The structure is The error message",Pregunta
FIDO2 Fingerprint Verification Fails in Production (Works on Localhost) – Express.js + fido2-lib,"Context I’ve implemented FIDO2 verification for login and signup on my Express.js website. Everything works perfectly in localhost, but in production, the fingerprint verification of my security key fails three times in a row within a second, without any interaction with the key. After these failures, it falls back to PIN verification, which works as expected. Environment Backend: Express.js using the fido2-lib library Frontend: Native navigator.credentials API (WebAuthn) SSL Certificate: Valid RP_ID: x-x.x.com (correct format) Origin: Verified and valid fido2-lib Configuration Here’s my server-side f2l object configuration: getAssertionOptions Setup For verification, I use the following options: Issue The problem only occurs in production during calls to: Symptoms: Fingerprint verification fails three times in under a second (no time for user",Pregunta
Why is a third image briefly shown during flip animation in Vue.js?,"I’m working on a Vue.js component where I’m creating a flip animation with images that change every few seconds. The goal is to randomly change the image, but there is an issue during the transition. What I want: Possible images are loaded from a folder. We start with one image and which will be the next image is determined randomly. There is a flip animation between the images. What happens: The logic has one flaw. The animation between image 1 and image 2 works as desired. But in the animation from image 2 to image 3, image 1 reappears for a short moment. (And this happens in all succeeding animations, too.) You can find a screen recording of this issue",Pregunta
ctrl-C to terminate a pyqt application with a QOpenGLWidget,"My main file for a pyqt application looks like this: It works, and when I ctrl-c in the terminal (on Ubuntu) the application will terminate... ...unless it creates a QOpenGLWidget, in which case ctrl-C does nothing. I tried this but is never called. How can I terminate a pyqt application using QOpenGLWidget using ctrl-C from the terminal?",Pregunta
Fatal: Illegal use of top-level '-ident' at,I have two boolean columns and I want to generate query: I try to do at searching for . I tried: But I get error: What I do wrong? uses . But I still do not understand from the documentation how to write correctly. I use as database SQLA version is '2.000001' DBIx::Class v0.082841,Pregunta
Getting scala.MatchError while trying to execute join on Spark SQL query,"I have a query that I am trying to execute via spark sql. When I executed the table results separately, I could see results. But when I join them, i am getting scalaMatch error Query that I used: Sample Table1 values : Sample Table2 values : Error message : I tried changing the join tables, but am still receiving this error. Please advise what I can change in the Spark SQL to fix this error. Spark version is 3.0.1 running on Amazon AWS .",Pregunta
Augmented Art Cards,"Sketchbook → Procreate → Code → Production I made my Xcode project available on github, go grab it if you are curious to learn more about ARKit! This experiment with iOS’s ARKit made me realize there’s so much potential for the technology as a medium of artistic expression. The art card idea spawned about four or five additional ideas I’d like to pursue. If only I could find four or five additional days in the week to work on those ideas. Background Some of my earliest memories are me drawing on things. My dad was a welder and our yard was full of hulking, rusty pieces of metal and I took chalk rocks from our driveway to doodle murals all",Artículo
Why am I not seeing an error in this .d.ts file,"I have the following two statements When I put these two declarations in the same file, ts will report an error: But when I put these two declarations in two *.d.ts files, ts will not report an error. At the same time, when I check the actual type of A, A and are the same. The way I check A: I have created a minimal reproducible example What is the principle behind this?",Pregunta
How to Learn Programming with Zero Stress,"Photo by Aarón Blanco Tejedor on Unsplash I’ve been teaching Java for quite a while now. So I often share advice on how to learn programming faster and better. In talking to my students I can see that one thing distracts them very much: coding anxiety. It is a real trouble. Some people find it hard to focus their attention for more than one hour. Some are excessively stressed out by the job search. So today I’m gonna share on how to eliminate this kind of stress, use the best ways to learn programming, and enjoy coding happily ever after. Three Main Reasons Behind the Stress for Newbie Programmers 1. Imposter syndrome This comes close to the expectations of perfection.",Artículo
My page does not load the styles correctly when accessing one of its links in Angular,"I have this html page on angular: When any of the app's routes are loaded, the styles at startup do not load and for a moment the sidebar is seen without the CSS styles applied. Why don't the styles load initially? I don't have a global CSS template; instead, each component has its own CSS.",Pregunta
"Cloud SQL with private IP only: the Good, the Bad and the Ugly","The Good: Compute Engine connectivity Because this “private IP security pattern” has been built for legacy architecture (i.e. on-prem VM and private network), the constraint perfectly fits the IaaS world (i.e. Compute Engine + VPC). I mention Compute Engine but it’s also true with all the services that use Compute Engine instances: Dataflow, Dataproc, GKE,… Deploy your VM in the same VPC as the Cloud SQL instances private IP. Use the Cloud SQL instance private IP to reach it from your app which is deployed on Compute Engine. Open the required firewall rules if needed. That’s “good”!! Note: the usage of Cloud SQL proxy in this case can be discussed. It adds an additional security layer by checking the authorization",Artículo
TidySDM non-conformable arguments model evaluation error in Ecological Niche Model with subsetted data,"I am making ecological niche models in TidySDM in R. I recently made a range-wide model using 5 fold random cross validation, grid set to 100, and algorithms that included GLM, GBM, MAXENT, and MARS. This model ran perfectly and had no problems. I then went to make a subspecies model with a subset (n=22) of the range-wide data. For this model everything stayed the same except I used jackkife cross validation. I got the following error: Then when trying to run the simple ensemble step I get this error: I then tried using 5 fold random cross validation but that also failed. I then tried using 3 fold cross validation and it worked. I also tried increasing the sample",Pregunta
How to make a legend for geom_grob shapes?,"I'm trying to define custom shapes to use in ggplot2 by passing grobs created with the grid package to geom_grob. So, for example, I might create the following two grobs (a square and a triangle): Within geom_grob there is an argument show.legend, but after setting that to TRUE nothing shows up. I thought maybe ggplot2 doesn't consider label to be an aesthetic, so I tried adding an artificial color specification. That got the legend to appear, but the legend key is blank. Is it possible to have a legend showing the custom grobs?",Pregunta
_aligned_malloc and implicit object creation,"I'm creating a C++ allocator that should over-align the allocated memory by a runtime-determined alignment value. According to https://en.cppreference.com/w/cpp/memory/c/aligned_alloc , the function is not supported on Windows. So I'm using the Win32 function like this: However, according to https://en.cppreference.com/w/cpp/memory/allocator/allocate.html , an allocator's function is supposed to allocate the uninitialized storage, and then create an object of type in it. (but not the objects in the array) Which is a no-op, but accessing the casted as a array (and constructing objects in it), would be considered undefined behavior otherwise. According to https://www.cppreference.com/w/cpp/language/objects.html#Object_creation , some of the raw memory functions (like and ) implicitly do create this object, but not necessarily . Also I'm using C++17, so don't have access to .",Pregunta
Navigation Drawer using Nav Host fragment,"I am new to Android Studio and trying to create a Kotlin MVVM-based app. I want to implement a Navigation Drawer using a NavHostFragment within the app. I have defined the navigation layout containing all my different fragments to navigate. I would like to navigate to a fragment when an icon is clicked. This is the code that should allow this, but for some reason, the code doesn't work. I want to navigate to a fragment when an icon is clicked. in my navigation layout I have a nestedGraph ,I've tried to change the startDestination on icon clicked , but the app crashes at runtime, is there any way to implement this using Navhost",Pregunta
iOS Tests working with Objective-C and Swift class together,"Introduction Swift is awesome. Yes I know. But still many companies are using Objective-C and starting to add new Swift code in it. Our generous Xcode tool supports to combine these two different style codes. It is only needed a small, no frankly, complicated setting. The situation is still fine when my concern is only main target project. However once I tried to use existing Objective-C class inside of Swift test class, I stuck in the middle. Here is solutions that how to use Objective-C and Swift class together for each situations. Four different situations using Objective-C and Swift class using Objective-C class in Objective-C unit test class This is common case that you can simply import objc class in",Artículo
Algorithms In Python: Quicksort,"Photo by Martin Adams on Unsplash Today we will not be solving any leetcode question. Instead, we will be looking at a sorting algorithm. Quicksort Quicksort is an efficient sorting algorithm and falls in the divide-and-conquer category of sorting algorithms. Quicksort is an unstable sorting algorithm, which means if two values are the same in a list, the algorithm can still swap them. The idea behind quicksort is having a pivot, and finding the correct position in the list. Let us walk through an example. It should be easier to understand the algorithm. Suppose we have a list with the following numbers. A = [8, 1, 6, 10, 5] We need to consider a pivot. We can choose the pivot",Artículo
Off with their heads — the rise of the modern CMS,"Wasn’t this supposed to be easy? You paid a glamorous agency to design your new website. You spent thousands of hours and a gazillion dollars laboring over every aspect of the design to get it just right. After rounds and rounds of meetings and reviews and arguments and sweat and tweaks and nudges… finally you have a design you are happy with. Even the board is happy with it. And they want it. They want it now. So let’s build this sucker. And let’s launch it. Then you can finally say thank you and goodbye to those expensive design and development contractors and get on with managing the content in your gleaming new website yourself. For you, in your wisdom,",Artículo
Understanding kubernetes networking: pods,"This post is going to attempt to demystify the several layers of networking operating in a kubernetes cluster. Kubernetes is a powerful platform embodying many intelligent design choices, but discussing the way things interact can get confusing: pod networks, service networks, cluster IPs, container ports, host ports, node ports… I’ve seen a few eyes glaze over. We mostly talk about these things at work, cutting across all layers at once because something is broken and someone wants it fixed. If you take it a piece at a time and get clear on how each layer works it all makes sense in a rather elegant way. In order to keep things focused I’m going to split the post into three parts.",Artículo
Compilation errors with Scala imports,"I have the following code in my file for a Scala project: However, in another file when I try to import as such: I face the following errors: Would anyone know how this compilation error was caused? Any help would be greatly appreciated! docs",Pregunta
Google Sheets: Refresh =importhtml() faster,"I am trying to import the leaderboard for the Masters into a google sheets document. I successfully did so using the following formula: =IMPORTHTML(""https://www.espn.com/golf/leaderboard"",""table"",1) However, the data is set to refresh every hour. based on other articles I've seen It's possible to get this data to refresh every 5 minutesinstead. I've tried a number of different things including several scripts. Unfortunately, my knowledge of App Scripts is very very basic and this seems to be a notch above what I know. What do I need to do to get this data to refresh 1 or 5 minutes? Here's the spreadsheet: https://docs.google.com/spreadsheets/d/1KPlhD9xt0hAgZiUGTeZZ-bxNINhy7TvITpazpPmoBO8/edit?gid=693770553#gid=693770553 The formula is in Cell O2 of the ""ESPN Hourly Data"" Sheet Here's what I've tried: I found this",Pregunta
Simplify Code Review Process with Auto Mention Code Review Systems,"As Tokopedia grows fast from time to time, so does the number of sub-teams and modules in our android team codebase. Each sub-team usually owns a number of modules, depending on the size of each sub-team. We use CODEOWNERS file system from GitHub to make sure that every code changes to a specific module should be reviewed by at least one of the members of the sub-team that owns that module. Actually this system is great for securing the codebase from breaking changes. The only problem is: when we create a pull request (PR) with huge changes in a lot of modules and want to request for code reviews. The Problem What we usually do when we want to request",Artículo
Shared memory among forked processes c++,I am writing a c++ program and I want a program where there are two processes (running with fork()) and they both share a common list and an interprocess mutex is there to guard the shared list modifications from each process. How can I declare the list and the mutex so that they are shared among processes? I can use boost library if needed (and if it makes things easier),Pregunta
Keevo Connect #2 — Nov. 2019. Welcome to the second installment of…,"Welcome to the second installment of Keevo Connect. In our last post, we promised to share more regular updates so that you can follow along with our progress. We shared a first look at Keevo’s user interface and announced our updated product roadmap and timeline for first product shipments. Since then, the product team has continued to make great progress and we’ve achieved several key milestones. We’re especially excited to share a first look at our Keevo Model 1 pre-production prototypes — complete with all components and latest firmware — connected to our downloadable desktop application. This is really exciting and the look a-m-a-z-i-n-g. Check out the pictures below of our latest Keevo Model 1's and the video of our",Artículo
Query to automatically update values based on other certain criteria,I've got a SQL query that is trying to update threshold information on a SolarWinds database. The main data is within the Nodes view and the Thresholds table contains the warning and critical threshold limits. I INNER JOIN these and attach them via the Thresholds.InstanceID and Nodes.NodeID data columns. This query will update thresholds IF custom thresholds have already been set; however when you add a new device into SolarWinds it uses the default threshold values and doesn't add them into the Thresholds table. How do I get this query to first check if the NodeID is in the InstanceID column and if not add a new row and reference the NodeID and add the custom Warning and Critical values?,Pregunta
How to include nested 'Document' objects in ElasticSearch search results in Go,"I'm working on a Go project where I use ElasticSearch to search and retrieve data. I have the following function that performs a search query: And the models: The problem: When I run , the returned objects have an empty field. I need the search results to include the associated objects.",Pregunta
Is there a way to elegantly solve `move behind a mutable reference` without implementing the `Copy` trait?,"I'm trying to implement the merge function for my merge sort in Rust. The catch is that I'm trying to do it for a generic type , which is only restrained by . This is the code: When looking at documentation, I discovered the method, with which the method is supposed to yield instead of . But it only does so if the iterator isn't constructed on a reference (since I'm passing a slice into the function). (Quick reminder: this is because of how borrowing works. See this StackOverflow question ) This is the same reason why you cannot dereference variables and on the lines with comments. My question is: is there a way to solve this problem while keeping",Pregunta
Go jwt.ParseWithClaims issue,"I have been trying to validate a token right after generating it, but the ParseWithClaims part keeps returning the error: Example token: TokenSecret: these are the handlers and support methods: any suggestion is welcome, thank you I have logged the token when it was passed into the ValidateJWT function and it seems fine Edit:",Pregunta
Action extension loadItem(forTypeIdentifier:options:completionHandler:) not running when saving directly from screenshot thumbnail,"I am trying to save a screenshot to my app using an action extension directly from the screenshot thumbnail you see as soon as you take a screenshot but the method loadItem(forTypeIdentifier:options:completionHandler:) just doesn't seem to be running. Here's the code: This works fine when I try to save an image from the photos app and works fine when I take a screenshot inside the app. Also, when I run the action extension scheme from Xcode, it doesn't show up in the debug console so I had to find another way to see the logs which I why I have something called just think of this as a print statement. I tried looking in stack overflow for solutions and found",Pregunta
Automate values from text files to each sheet of excel file,"Is there any way to automate values from multiple text files to multipe worksheets in the same excel file? (Ex: Textfile1 values to Sheet1, Textfile2 values to Sheet2 and so on) Because for now I have to change the name of the text file and the excel worksheet everytime I extract values from different text files so that I need an automation to ease the work. Below is the recent Perl script I am using.",Pregunta
How can I match whitespace outside of HTML comments with RegEx?,"I would like to replace instances of ""\n"", ""\t"", and "" "" (four spaces) in RegEx, but preserve all whitespace inside of an HTML comment block. Unfortunately, the comment can contain anything, including other HTML tags, so I have to match "" "" specifically. Furthermore, there may be multiple instances of comments with whitespace to match in between. I can use multiple RegEx expressions if needed, but I cannot modify the HTML content aside from the replacement. Here is some sample code to experiment with: In this instance, all sets of four spaces should be matched except for the ones in each comment (lines 4, 5, 10, 11, 16, 17). I have already split up my expressions into one for",Pregunta
How To Setup a RealTime Database Replication and Backup on Linux Servers,"If you have never experienced a Data Breach, you may be unaware of the importance and benefits of having a real-time database replication/backup configured on your database servers. First off, let's begin by understanding what a Database Replication means and the scope of this post. Database replication is a process of copying (syncing) data from a database on one server (the master server) to a database on another server (the slave server). The main benefit of this process is to distribute databases to multiple machines, so in the event of downtime, hack, or failure of the master server, there is a backup machine with same data available ready to kickoff for handling requests without interruption. This is often known as",Artículo
HOW TO CONVERT YOUR APP IDEA INTO A MOBILE APPLICATION,"According to Statista, in the year 2019, the global revenue for mobile applications amounted to 365 billion U.S. dollars and is expected to reach 462 billion U.S. dollars by the end of 2019. It is no secret that mobile applications have become extremely important to businesses in this digitally busy and rapidly evolving technological landscape. Many aspiring entrepreneurs seek out to start an online business with excellent ideas. However, usually, such individuals fail to materialize their vision because they fall short when it is time to answer the real question — What to do with an app idea? With intuitive mobile applications, customers find themselves better connected to the services that are being offered by the business. Subsequently, these better",Artículo
"Deploying Python, NodeJS & VueJS as Microservices","In this article I cover a number of different concepts and technologies; Web Sockets, Python, Node, Vue JS, Docker, and bring them all together in a microservice architecture. 3 Microservices Each component in this stack will be a microservice. I will take you through building each one, including running them in separate Docker containers. Why Microservices Microservices bring with them immense flexibility, scalability, and fault tolerance. Today we will only cover the flexibility. Scalability and Fault tolerance require other technologies such as Kubernetes which are outside the scope of this article. The flexibility of Microservices is created by each service being independent of the others and importantly only doing one job. Taking the example we are looking at in this",Artículo
go mod conflict with v2 pre-release,"I am developing version 2 of my hap package, which is a HTTP API framework. Version 2 is not ready yet, and the latest release ls , like so: The directory structure of the entire repo is: The under the root directory is: while looks like: The problem now is go failed to get the v2 pre-release, under a project using : Using :",Pregunta
Asynchronous Programming In Java,"Why Asynchronous programming Asynchronous programming provides a non-blocking, event-driven programming model. This programming model leverages the multiple cores in your system to provide parallelization by using multiple CPU cores to execute the tasks, thus increasing the application’s throughput. In Java, there are many ways to achieve asynchronous programming or reactive programming like using RxJava, project Reactor, vertX, etc Here we will discuss the project Reactor using the spring web-Flux module. Spring webFlux module Spring Framework 5 includes a new spring-webFlux module. We will achieve the asynchronous services using spring webFlux. It exposes 2 major API types: Flux and Mono. These API works on the concept of subscriber and publisher. Flux and Mono are publishers. Difference between Flux and Mono Mono",Artículo
How LaunchedEffect works,"I don't really understand how LauchedEffect works, can you explain to me? Here is the context, I make a account.get() call to find out if a user session exist or not in my app, depending on the case I return userExist = true or = false But in all cases it returns me a return = true to know that I must launch my LaunchedEffect at that moment, here is my code SplashUiState: SplashViewModel: SplashScreen: My code seems good to me, well structured but when the user exists userExist = true it launches my code in the else and not in my if How is this done?",Pregunta
What is Serverless Microservices?,"Microservices and Serverless architecture has been gaining a lot of traction in the recent past. While Microservices ensure fault isolation, continuous development & deployment, and manages codebase seamlessly; Serverless architecture takes care of infra, server, and cost optimization. Although, both the architectures serve a different purpose, at a different level of development, they can be combined to have a performance-oriented solution, which is optimized for cost and infra efficiency. The architecture thus developed is known as serverless microservices. What is the serverless microservices approach to development? What are the benefits of going serverless? What’s the difference between microservices and serverless? The later segment introduces you to serverless microservices architecture and its surefire benefits for software development. What is Microservices Architecture?",Artículo
"Everything about var, let, and const","Earlier in javascript, the var keyword was used to declare the variable but after the introduction of ES6 two more keywords namely “let” and “const” comes into the existence. So, here we will try to find out how these keywords behave and why “let” and “const” comes into the existence. Var It is the old plain js way of declaring the variables. But the problem with this keyword is, it allows the redeclaration of the variables which can create bugs in the code if someone again declared a variable with the same name in the file it will not cause any error but the program may behave unexpectedly. So, it is not advised to use it but you will see",Artículo
CMake source_group with Multiple Root Filters and Header Files,"I've been trying to move my Linux development environment into visual studio (while still keeping CMake for further development on Linux) and so far I've been successful by using CMake presets to create multiple configurations and generate solution files. However, I've been stuck for a long time trying to create filters to organize my solution explorer. I've had some partial success, but I can't get header files to appear. I have a file structure like so: and I'd really like to have this reflected in my solution explorer by using filters (e.g. a filter for , , and with subdirectories under each). Currently I'm collecting files and setting the source group by doing I've heard that using GLOB for this",Pregunta
How-to: The PGExercises PostgreSQL Tutorial Running on a Distributed SQL Database,"PgExercises is a sample dataset used to power the PostgreSQL Exercises website. The site is comprised of over 80 exercises designed to be used as a companion to the official PostgreSQL documentation. The exercises on the PGExercises site range from simple SELECT statements and WHERE clauses, through JOINs and CASE statements, then on to aggregations, window functions, and recursive queries. The dataset consists of 3 tables (members, bookings, and facilities) and table relationships as shown in the ER diagram below: In this post we are going to walk you through how to download and install PGExercises on the YugaByte DB distributed SQL database with a replication factor of 3. What’s YugaByte DB? It’s a high performance distributed SQL database for",Artículo
go get on private gitlab repository fails with no secure protocol found for repository,"Setup: migrated repository(ies) from GitHub.com to private (Synology hosted) Gitlab repository(ies) created an HTTPs endpoint using Synology ""reverse proxy"" that maps HTTPs to internal HTTP endpoint In Synology, assigned a certificate for this HTTPs endpoint(+ port) In client machine, added the public certificate file to the linux trusted certs store(/etc/ssl/certs/) In client machine, running the command git clone works Still in client machine, running ""go get"" or ""go mod tidy"" on a directory with go.mod with this endpoint in the list of ""replace"" statement fails (after pausing/waiting for few seconds) with the error msg: no secure protocol found for repository Example: replace ( github.com/abc/md5-simd v1.1.1 => synology.com/abc/md5-simd.git v1.1.1 ) What seems to be wrong here? The ""git clone "" works.",Pregunta
"Receiving ""Connection prematurely closed BEFORE response"" after JDK upgrade to 21 and spring-cloud-zulu to spring-cloud-gateway",After upgrading Spring Boot gateway application Java version from JDK11 to JDK21 and changing the dependency of the gateway from to (spring cloud version: ) there started coming errors when many requests are made to the gateway and the request processing time is big. These errors are: PrematureCloseException: Connection prematurely closed BEFORE response PrematureCloseException: Connection prematurely closed DURING response. What are the possible reasons for this? And possible solutions?,Pregunta
SBT Provided dependencies are not excluded with assembly,"I am new to sbt. I have a quite simple project config as follow: In my understanding provided scope means you make sure such dependencies are provided in class path and will NOT be include in the fat jar to be generated. Here I have 5 dependencies, no matter how I config the provided scope. The assembly result were same in size. I even tried to add provided to all of them, still the same. Do I misunderstand provided?",Pregunta
What does the bang '!' do before an open brace '{' in Rust?,I'm reading code as part of learning Rust - I've just done Chapter 9 in The Book. I don't understand what the bang '!' is doing here: or in several other functions in a chain that call this one. I looked the The Rust Programming Language Operators and Symbols but I couldn't recognise it one of the entries.,Pregunta
"""Remember me"" feature for login in TikiWiki site not working","I recently upgraded my site's installation of Tiki Wiki CMS Groupware from version 25 to version 27. I also upgraded PHP version from 7.4 to 8.3. Now the ""Remember me"" feature is not working and every time I visit my site I have to login again in my admin account. I tried it with different browsers and even on different computers. It is the same for other users of the site; if they return few hours later they have to login again. I already increased those directives in but without any effect: session.cache_expire session.gc_maxlifetime session.cookie_lifetime Any idea what might be causing the problem or how can I debug it? EDIT: Added my Tiki configuration relevant to this issue:",Pregunta
The Complete Customer Data Stack,"Overview In this article, we break down the ideal architecture for “the complete customer data stack” from the perspective of the data engineer. With new customer data software tools being launched every day and unclear definitions around terms like “customer data platform,” we make the argument that these individual tools are always part of a much more comprehensive customer data stack that should be managed by IT and engineering. In business software, terms like “unified customer data” and “360º view of the customer” are hot marketing buzzwords. Executives and, of course, salespeople say that these new tools are the best thing since sliced bread. When it comes to engineering and IT organizations, though, most developers don’t think of fancy marketing",Artículo
Rooster Teeth value VPN privacy protection — read on for the best VPN deal out there,"Rooster Teeth value VPN privacy protection — read on for the best VPN deal out there Viktor Zwoch Apr 13·2 min read Rooster Teeth is a very successful YouTube channel that currently has 9.48 million subscribers and six billion views. Those are impressive numbers for any channel, and it speaks of high quality of their content. They do various videos from making podcasts, animated shows, to live-action shorts and series. They also make content about gaming. This content production company from Austin is well known for their videos which are released frequently to satisfy those who crave entertainment. But what’s even better is that they care about their fans online safety, and recommend to use a VPN for privacy protection.",Artículo
Change (edit/create) virtualhost for any folder on laragon,I have been using Laragon for few days. One of my student inspired me to move on Laragon. Actually the most valuable feature I found that virtual hosts are created automatically as soon you create a new project by clicking quick app menu. Quick app >> Laravel Create virtualhost by clicking quick app menu The problem started when i imported one my previous project in laragon. I copied the folder into www folder but I can not browse that project with virtualhost. I followed a process that I created a project with a name that i am expecting and after that i removed all the folder inside that and copied my folder into that place. This is not a proper,Artículo
Ensuring Successful File Uploads to S3 Using Presigned URLs,"Previously, I used the following approach to allow users to upload files to our cloud storage service: Server-side (Python): Generate a time-limited presigned upload URL. Client-side (Java): Upload the file using the presigned URL. Java Code: Uploading a File Python Code: Generating a Presigned Upload URL Issue: HTTP 200 OK, but File Not in S3? I noticed cases where the client-side upload returns HttpURLConnection.HTTP_OK, but the file does not reach S3. (Is this even possible?!) To verify the upload's correctness, I implemented an additional verification step after uploading. Java Code: Verifying the Upload Python Code: Generating a Presigned HEAD URL for Verification Does This Approach Make Sense? Would this method reliably verify uploads, given that does not always mean a",Pregunta
The Top 3 Most Innovative Mobile Marketing Examples,"Mobile marketing examples teach us the difference between success and failure. They also show us where we can improve our marketing strategies and what bumps on the road we should avoid. There is an old Latin proverb that says, “Repetitio mater studiorum est.” The adage translates to English as “repetition is the mother of all learning (or knowledge)”. Even in mobile marketing, this saying holds true, at least to a degree. To launch a successful campaign, we often repeat the tried and true methods of our marketing predecessors. However, sometimes it’s not as simple as copying someone else’s homework. It comes a time in a marketer’s life when they have to be innovative. Courageous and daring. Nearly all other devices",Artículo
Need to iterate a hash returned from a mysql query,"Ok - I have the following member function: I call it with: However my question is, how do I drill through that and extract the values in perl? It is driving me nuts - below is the format of the $vars data from Data::Dumper - I expected to see and so on how do I for example print out the value for example DevOps in the second structure in a perl script. I can do it in a tt template just not perl",Pregunta
Ultimate 2020 Django on Heroku deploy guide,"Photo by Anna Shvets from Pexels A step-by-step guide on how to quickly prototype and showcase your Django apps with a free-tier Heroku package Prologue: I don’t really consider myself a developer, but a mere enthusiast. I found Django earlier in 2020 and used it in a couple of prototype projects that never saw the light of day. I saw the potential of a front-end/back-end combo I loved the possibility of moving past vanillaJS/React+Netlify pages that I was creating. I lacked backend, database and more versatility and Django provided. I found it very non-trivial to deploy to Heroku and I didn’t find any good step-by-step beginners tutorials and spent multiple hours debugging errors and trying to make up my mind",Artículo
How Businesses Can Utilize Online Databases to Boost Profit,"How Businesses Can Utilize Online Databases to Boost Profit Retable Feb 2·3 min read One of the key ways to ensure that your business is successful is to continually look at ways that you can improve different areas of the business, particularly through staying up to date with the latest technology solutions that can drive efficiencies. By speeding up processes and improving how tasks are completed, businesses can spend more time and resources on activities that generate profit. Database management is an area of your business that can help your business to perform better and as a consequence, help you to be more profitable. Whatever type of industry you are in, having a secure way to manage your data, through",Artículo
How to setup a php5.6 docker in Ubuntu 24.04?,"I have a legacy php I wanted to deploy in a docker on Ubuntu 24.0 I have a docker: I bind the project via docker run command, the problem is the docker doesn't install mysql-client or any other libraries even though I run apt-get update (some sources are down already). It always says unable to locate the package. How do I approach this?",Pregunta
How to control multichannel curves in Swift via CIFilter?,"I try to recreate Photoshop's curve adjustment. The tool contains an array with arrays of curve points bound to a chanellID: 0-composite, 1-r, 2-g, 3-b. If I want to work only with a composite channel, the CIToneCurve filter is enough. But it has a limit of 5 points. And I don't understand how to achieve complete control of every channel. I was thrown to use CIColorMatrix to decompose my image into a channel. But I can't compose them back (I can, but with artifacts). So, my last stop was the CIColorCurve filter. But it is so undocumented. What is the right way to implement CIFilter with full-channel control? Or could you suggest (or help to create) a CIKernel for this?",Pregunta
No Fighting In This (Agile) Dojo with M. David Green,"No Fighting In This (Agile) Dojo with M. David Green Episode 46 How can we train teams to consistently produce quality code without negatively impacting productivity? In this episode of Programming Leadership, Marcus and his guest, M. David Green, discuss Agile Dojos and how they can make teams more effective. Dojos provide a six-week training ground where teams focus on recognizing and replicating value by pairing, mobbing, and swarming. Coaches like Green help them to hone their skills and go through rituals more effectively. The results will be more engaged team members, scrum masters, and a way of working that converts skeptics and naysayers into Agile evangelists. Show Notes What is an Agile Dojo? (00:53) Recognizing value (6:09) What kind",Artículo
BitBox app & firmware update 6/2020,"This update includes an important security patch in the firmware, as well as new features in the BitBoxApp and BitBox02. We recommend that you update to the latest desktop app and firmware before you next use your BitBox02. BitBoxApp 4.19.0 with BitBox02 firmware 8.0.0 Security first The BitBox hardware wallet is a security device. This is why we encourage independent audits and are upfront with issues found and fixed. What happened? On 5 March 2020, Saleem Rashid responsibly disclosed through a bug bounty program a vulnerability that allows an attacker to trick users into paying excessive fees when sending bitcoins. A malicious software wallet would need to trick the user into signing a Bitcoin or Litecoin SegWit transaction twice, for",Artículo
Trouble with From Spreadsheet Block in Simulink,I'm inputting a simple excel spreadsheet into Simulink to pull data from. I checked the data in Simulink via a Scope Block and it does not match the output of the Excel data when plotted. I've attached screenshots of both. It appears that Simulink is using previous values and copying over other values with that data instead. Any ideas for why this is occurring and/or how to fix it will be appreciated.[ enter image description here ]( https://i.sstatic.net/1w5CvH3L.png ) I have tried adjusting the From Spreadsheet Block parameter inputs with no luck. I've checked the data in excel and it is okay. I've also reviewed the Simulink/Matlab page for the From Spreadsheet Block and can't find a reason for what,Pregunta
MATLAB fft function of exponential multiplied by unit step thinks it's a constant,"I'm trying to find the fourier transform of a filter that is which I would expect to be equal to but I believe the function thinks it's a constant since I defined to be a range in time. Thus it transforms it based off a constant. I can do it using function and it will know symbolically the correct Fourier transform, but I just want to know if can do it as well? is the unit step so I did where is the number of samples.",Pregunta
Pro Tips for Selenium Configuration,"Pro Tips for Selenium Configuration From my previous post, you already know how to setup Selenium and ChromeWebDriver for web scraping. Now let’s jump into the rabbit hole to see how to build a robust crawler. The Basic Crawler In the beginning, your crawler with ChromeWebDriver may look like this: from selenium import webdriver driver = webdriver.Chrome() driver.get('http://www.google.com') ... It should work in your box, but you may encounter issues when getting serious. You may deploy the crawler either on a server or a container. The environment is a problem. You also want your crawler can work correctly and efficiently. webdriver.Chrome() Cheat Codes Here I collect four cheat codes to get rid of these common issues. The first two code",Artículo
It’s an excellent idea! Hear me for a second.,"It’s an excellent idea! Hear me for a second. Hi, my name is Ali, I’m a begginer UI/UX designer, currently attending an UI/UX course in to learn more and have a structured curriculum. Yesterday, we started a new project. A website page, for showcasing a new model of electric car. We started interviewing each other, but I ended up not putting the right questions and I didn’t get enough data to build my persona. In order to move fast with this project, our teacher allowed us to put fake info in our personas, for those who felt that they didn’t have enough info. Because of this liberty, before I started working on a new interview and survey, I searched on",Artículo
Data Sync to Snowflake Using Confluent Kafka Connect: Part 1,"Data Sync to Snowflake Using Confluent Kafka Connect: Part 1 Moving On-Prem Oracle Databases to Snowflake in Azure with Kafka Connect In my most recent engagement, I was tasked with data synchronization between an on-premise Oracle database with Snowflake using Confluent Kafka. While there are many blogs that cover this topic, they don’t provide scenarios that deviate from the normal happy path and demonstrate how to overcome the deviations. In this blog post, I will go over some of the hurdles we observed during the engagement and explain how we solved them. The Scenario The customer had an on-premise Oracle database. They wanted to synchronize the data into Snowflake in Azure and also wanted the ability to use the same",Artículo
Unwanted Halo Effect in an attempt to clip transparent layers,"I am attempting to put two images together. One goes on the bottom. It has no effects. The second goes ontop. It should have the effect of multiply. But when I put these images together like so I get an effect that is not intended, and in fact looks like how this image would look if it was not clipped together in photoshop. See the left image below. What is the correct way to get the effect seen on the right? I had attempted COMPOSITE_COPYOPACITY and COMPOSITE_DSTIN But these seem to worsen the issue, or give me the same effect. I would prefer if this could be done with other styles, such as OVERLAY as well as this clipping issue",Pregunta
Query with sum but reference a value from the same calculation in a different column,"I have two tables, being: orderNo feetype amount 1 shipping -10 1 baseprice 100 1 commission -5 1 discount -20 2 commission -10 2 discount -10 2 shipping -20 2 baseprice 150 and : orderNo customer item 1 John beer 1 John soda 2 Mary cake 2 Mary coffee 2 Mary pie I need a query to generate a table with the following columns: - unique - the sum of all the amount assigned to a particular order from Table A - customer name from Table B - the ""amount"" with ""feetype"" of ""baseprice"" from Table A So far I've managed to generate columns 1 to 3 with the following query: But what I need is the following table orderNo",Pregunta
The type software.amazon.awssdk.awscore.client.builder.AwsClientBuilder cannot be resolved,I'm trying to move a java app from 8 to 21. I built a stand alone app to talk to aws without an issue but if I pull it into my app I'm upgrading I get this error: Blockquote From digging it appears it may have something to do with the build path but I don't really know what its trying to tell me. I'm using eclipse and maven. here is my build path Not sure how to resolve this as my stand alone app is fine but when I pull it into my larger project this line is causing the error (note my stan alone app does not have a module-info.java file if that matters): I've got these imports:,Pregunta
WP User Frontend Pro,"Do you have big dreams for your business, like offering a membership service or including guest posting or event registration, but lack the complex coding knowledge you need to make those dreams a reality? Well, the people at WordPress hear your struggle, so they’re offering up a plugin that’ll fulfil all your frontend needs of a website without any coding whatsoever in today’s product showcase. Today we are talking about WP User Frontend Pro, a frontend dashboard, editor, and uploader for WordPress to create user profiles, post submissions, memberships, and more in just a few clicks and without any coding. Now, getting started with WP User Frontend Pro is as easy as installing the plugin in WordPress and upgrading to",Artículo
Part 6: Implementing Blockchain and Cryptocurrency with PoW consensus algorithm,"A small scale, easy to understand yet, comprehensive, step by step implementation of Blockchain and cryptocurrency with Proof of Work consensus algorithm in node.js Till now we have created our blockchain and p2p server, this completes the blockchain. In this part, we’ll create transactions. Next, we’ll make a cryptocurrency over the blockchain we have just created. Remember, the data field in the blocks? That’s, where the transactions go. To create a cryptocurrency we need a wallet. Wallet will have two keys, namely public and a corresponding private key. Public/private key pairs are a part of asymmetric cryptography which we will use to create digital signatures. Digital signatures allow users to verify the miner which created the block and the transaction.",Artículo
How We Reduced DynamoDB Costs by Using DynamoDB Streams and Scans More Efficiently,"Many of our users implement operational reporting and analytics on DynamoDB using Rockset as a SQL intelligence layer to serve live dashboards and applications. As an engineering team, we are constantly searching for opportunities to improve their SQL-on-DynamoDB experience. For the past few weeks, we have been hard at work tuning the performance of our DynamoDB ingestion process. The first step in this process was diving into DynamoDB’s documentation and doing some experimentation to ensure that we were using DynamoDB’s read APIs in a way that maximizes both the stability and performance of our system. Background on DynamoDB APIs AWS offers a Scan API and a Streams API for reading data from DynamoDB. The Scan API allows us to linearly",Artículo
[065] LeetCode 128 演算法【Longest Consecutive Sequence】最長連續序列,"128. Longest Consecutive Sequence (Hard) Given an unsorted array of integers, find the length of the longest consecutive elements sequence. Your algorithm should run in O(n) complexity. Example: Input: [100, 4, 200, 1, 3, 2] Output: 4 Explanation: The longest consecutive elements sequence is [1, 2, 3, 4] . Therefore its length is 4. 題目要我們找到最長的連續數字，這題我們可以使用map來去除重複，放進去以後，我們在查找這部分就可以都是O(n)級別了，接下來就剩下寫邏輯的部份，邏輯很簡單，首先我們去歷遍一次Array，以100來說，如果100–1沒有在map裡面找到的話，我們就開始找100+1，一直找並且記錄他，當歷遍完畢以後，答案的解果也會出現的。 大家加油。 上一篇：[064] LeetCode 334演算法【Increasing Triplet Subsequence】遞增三元子序列 下一篇：To be continued..",Artículo
Pros & Cons of Using Ruby on Rails for Web Development,"Today both startups and established businesses choose Ruby on Rails for web development. Basecamp, GitHub, Dribble, Airbnb — this is an incomplete list of companies that have built their websites with this framework. So what makes RoR such a good choice? Being huge fans of Ruby on Rails, we have prepared an article covering the key benefits and downsides of this tool. Insights into Ruby on Rails Interesting stats First, let’s see what figures can tell us about the Ruby on Rails framework: According to BuiltWith, over 523,339 live websites are created with the technology. There are almost 4,000 coders who contribute to the progress of RoR on GitHub. Ruby on Rails has over 45,000 GitHub stars. Arc states that",Artículo
unresolved reference hexformat: Android Kotlin,"Android 12 I am trying to secure username and password before sending it over the internet to the server. However, I need to convert my strings into HEX and I keep getting HexFormat: unresolved reference error. There seems to be no class or library associated with that. How do I solve this error? Is there a library I need to download and install? edit:",Pregunta
Gorm Preload Not working with condition. It Works with Where caluse and not without it,"I have using gorm here is my model Below query is working as expected preloading desired data. However when I want to get all stocks with there Weekly data preloaded, that gives me empty array for Weekly. If I don't write inner conditon it gets required data. But It is working with Where caluse and not without it. Looking for any help.",Pregunta
V SYSTEMS Lays Grounds for DeFi to Further Blockchain Ecosystem,"NEW YORK — June 2019 — V SYSTEMS, the blockchain database cloud platform by Sunny King, creator of Proof of Stake (PoS), announced plan to focus on Decentralized Finance (DeFi) in its ecosystem development at a Staking ecosystem meetup happening during the Consensus conference in New York last month. As DeFi emerged as a banner topic at Consensus 2019, industry experts revealed that more than 1,000 DeFi projects are currently under development that offer up intriguing potential to create a new economy era in the near future. Venture capital pioneers also expect the adoption of DeFi in digital assets is on the horizon. By placing an emphasis on DeFi applications, V SYSTEMS pledges to reshape traditional finance, and give blockchain",Artículo
"Cannot get the same sequence of random numbers with Julia and Rust, despite using the same seed and the same method","I have written a simulation in Rust which was previously written in Julia. I need to make sure that the results confirm; the simulation relies heavily on random numbers. I don't want to use any brute-force methods (such as averaging over a big number of runs); I'd rather make sure that the sequence of the random numbers is the same in both languages when using the same seed and the same RNG method. To start with, I wrote a small piece of code to test generating the random numbers (Julia version 1.11.6 and rustc version 1.89.0): Julia: and Rust: My Rust Cargo.toml looks like this: However, these produce a completely different set of numbers! Did I miss something, or is",Pregunta
Automate the Process of Adding Your User’s Saved Tracks by Genre to Playlists on Spotify,"Stop Adding Tracks to Your Playlists on Spotify One by One!!. Photo by Puria Berenji on Unsplash I consider myself a music lover, I usually spend most of the time in a day listening to music while I’m doing routine activities. As a consequence of this, I keep playing many different playlists, and when I like a new track I instantly saved it into my User’s Library on Spotify. But the main problem of doing this is that when the year is ending I always finish having a lot of music on my User’s Library, which instead of this, I could save all this new music on different playlists depending on the music genre of each track. That’s why I",Artículo
"How does R round(1.535, 2) → 1.53?","My understanding is that R uses IEC 60559 rounding with ""Round to nearest, ties to even"", but it does not appear to be generating valid results. For decimal part .535 rounded to 2 places, my understanding is that the 5 being rounded off should cause the 3 to be rounded to the closest even, 4, except: Is this just floating point imprecision in R making .535 look like .53499999999 and the round being a bit imprecise?",Pregunta
前後端分離 Vue + Rails 後端 HTTP token 認證設置,"因為前端要來打我們的 api，但不是每個人都可以打，所以要設權限 app > controllers > api > v1 > api_controller.rb module Api module V1 class ApiController < ApplicationController protect_from_forgery with: :null_session before_action :authenticate_token def authenticate_token @api_access_key, = ActionController::HttpAuthentication:: Token.token_and_options(request) @auth_token = request.headers[:HTTP_X_API_TOKEN] render_unauthorized and return unless @auth_token render_unauthorized if @auth_token != ENV['XXX'] end def render_unauthorized headers['WWW-Authenticate'] = 'Token realm=""Application""' render json: 'Access denied', status: :unauthorized end end end end CSRF （Cross-site request forgery）跨站請求偽造 攻擊的細節 跨站請求攻擊，簡單地說，是攻擊者通過一些技術手段欺騙用戶的瀏覽器去訪問一個自己曾經認證過的網站並執行一些操作（如發郵件，發消息，甚至財產操作如轉帳和購買商品）。由於瀏覽器曾經認證過，所以被訪問的網站會認為是真正的用戶操作而去執行。這利用了web中用戶身份驗證的一個漏洞：簡單的身份驗證只能保證請求發自某個用戶的瀏覽器，卻不能保證請求本身是用戶自願發出的。 （From Wiki） 為了保護使用者，伺服器端必須要有合適的防禦措施 在 Rails 裡，不能透過內建的檢查機制來防治 CSRF 所以我們要先關閉 CSRF 的檢查 protect_from_forgery with: :null_session Token 檢查 before_action :authenticate_token def authenticate_token @api_access_key, = ActionController::HttpAuthentication:: Token.token_and_options(request) @auth_token = request.headers[:HTTP_X_API_TOKEN] render_unauthorized and return unless @auth_token render_unauthorized if @auth_token != ENV['XXX'] end def render_unauthorized headers['WWW-Authenticate'] = 'Token realm=""Application""' render json: 'Access denied', status: :unauthorized end 這裡我們定義一個驗證 token 的方法 @api_access_key,",Artículo
3 ways to use Regexp capture groups with back-references in Ruby,"3 ways to use Regexp capture groups with back-references in Ruby Before to start Please allow me to introduce here the platform that helped me to learn a big part of my knowledge about Ruby. Indeed, Pluralsight is an amazing platform. With 50+ courses that cover various topics on Ruby and Ruby on Rails, it’s the best way to take your knowledge to the next level! Try it for free 👇😉 Thank you for your time! Quick reminder of Regexp and capture groups In Ruby, the regular expression logic is encapsulated in the Regexp class. There is 3 ways to instantiate a Regexp So, the next question is: how to match this Regexp against a String ? The MatchData class",Artículo
Tink: Streaming encryption using Vault KMS,"I'm trying to encrypt and decrypt using Tink and HashiCorp Vault. When I attempt to encrypt and decrypt within the same session using the same AEAD object, it works fine. However, if I store the result of the previous encryption run in a file and then try to run only the decryption function on this file, I encounter an error that says, ""No matching key found for the ciphertext in the stream."" I've attached the code for reference:",Pregunta
SQL vs NoSQL Databases,"A big decision that developers and companies make when developing applications is whether to use a relational database (SQL) or non-relational database (No-SQL) data structure. Both are great, but there are certain key differences that one should keep in mind when deciding on which to use. SQL databases use structured query language (SQL) for defining and manipulating data. On one hand, this is extremely powerful: SQL is one of the most versatile and widely-used options available, making it a safe choice and especially great for complex queries. On the other hand, it can be restrictive. SQL requires that you use predefined schemas to determine the structure of your data before you work with it. In addition, all of your data",Artículo
Creating a Twitch Command Script With Streamlabs Chatbot,"Appendix B: Nice to Have Here is some neat stuff you could add to your command to make it just a little bit cooler, but they’re by no means necessary to create your commands. Adding a cooldown period You might not want your commands to be available to everyone all the time, even though they’re awesome. You could have a busy chat or someone could be a troll and spam the command all the time. That’s where cooldowns come in. SC has a few handles to add and check for cooldowns on a user or a command. I’m going to show the user-specific cooldown here. It involves two small additions: Add the user cooldown at the end of the Execute(data)",Artículo
"Eclipse - error ""org.w3c.dom is accessible from more than one module"" when doing import","I have an issue in Eclipse that does not reproduce with VS Code or Intellij. When I import a certain package I get this error: This project works from VS Code, Intellij and builds from from CLI. But Eclipse struggles on this. I hesitate to make any dep tree changes because Intellij and VS Code seem to not have this issue. Is there some reason why Eclipse is having this issue that someone can trigger me to understand?",Pregunta
Fastify Decorator not acting as a preHandler in Fastify-REST-API,"I’m fairly new to Fastify, and I’m using it to build an API. I'm having some trouble when using an authentication decorator in a route, which is throwing the following error: ""code"":""FST_ERR_HOOK_INVALID_HANDLER"",""name"":""FastifyError"",""statusCode"":500},""msg"":""preHandler hook should be a function, instead got [object Undefined]"". I've set up a decorator file at @/decorators/authentication.ts and using it on @/modules/authentication/authentication.routes.ts I set up my server.ts file as this I'm logging a temporary handler on the /me route, but fastify.authenticate is returning as undefined. Can anyone explain why this is happening? packages versions also already checked these solutions related stack overflow topic Github related issue but didnot found an answer in any of these I was trying to authenticate the user using the decorator method i created",Pregunta
Unit testing the unusual android components,"The Agenda To start of with we know how important are unit tests. It helps us write better quality code. The manual testers and QA’s can save lot of their efforts. Unit tests are very handy to measure the test coverage and what not. There came a lot of architectural patterns from the old MVC to the latest MVVM, MVI etc. The main trick behind all these architectures are to loosely couple and separate the business logics, API calls, database operations and the views so that everything can be independently tested. So the general use cases cover business logics, API calls, database operations and the views. What about all of our other android components? As we all know android components",Artículo
"How to resolve harmless ""java.nio.file.NoSuchFileException: xxx/hadoop-client-api-3.3.4.jar"" error in Spark when run `sbt run`?","I have a simple Spark application in Scala 2.12. My App find-retired-people-scala/project/build.properties find-retired-people-scala/src/main/scala/com/hongbomiao/FindRetiredPeople.scala find-retired-people-scala/build.sbt find-retired-people-scala/.jvmopts (Only add this file for Java 17, for other old versions, remove it) Issue When I run during local development for testing and debugging purpose, the app succeed running. However, I still got a harmless error: My question My question is how to hide this harmless error? My attempt Based on this , I tried to add by updating build.sbt : However, then my error becomes Note in the log, it expects hadoop-client_2.12-3.3.4.pom . I think means Scala 2.12. However, hadoop-client does not have Scala 2.12 version. To compare, this is how it looks for libraries having Scala version such as spark-sql : Anything I",Pregunta
"How can I make a function that accepts unlimited parameters of type ""std::string"", but only one parameter that is a pointer?","I have a program in C++, in which I need to make a function that accepts unlimited parameters of type , but only accepts one pointer, which ideally I want to be the last parameter when the function is called. For example: Is there a way to do such a thing? I have searched the internet and the closest I have gotten to was a function that just accepts unlimited parameters of the same type. Or just functions that ""stop"" accepting arguments once they see a 0 as an argument.",Pregunta
How to set proxy to create WorkspaceClient in Databricks using Java SDK,"I am working on Azure Databricks Test Automation using Java. There are a number of Jobs and pipelines that are created in Azure Databricks to process data. I want to create WorkspaceClient for them and validate the functionality and logs. I am behind a corporate proxy and on running my Java code, I am getting . Here is my Java code: The proxy is not getting picked up/resolved and I am getting the below error:",Pregunta
Professional 3-way Venn diagrams,"Setup Let’s begin with data stored in pandas DataFrames. As a standard data structure, we wish to quickly visualize categorical data from three DataFrames or Series. For the purpose of this example, we will consider ten total people distributed across three groups: A, B, and C. The goal is to visualize these groupings using Venn diagrams. import pandas as pd groupA =['person1','person2','person3','person4','person5', 'person6','person7'] groupB = ['person1','person2','person3', 'person8','person9'] groupC = ['person1','person2', 'person4', 'person9','person10'] dfA = pd.DataFrame(groupA,columns=[‘A’]) dfB = pd.DataFrame(groupB,columns=[‘B’]) dfC = pd.DataFrame(groupC,columns=[‘C’]) Contents of dfA, dfB, and dfC 3-Way Venn Diagrams The ideal python data structure for analyzing groupings is the “set.” A set is an unordered grouping of unique items. In the first line, we call the column A of",Artículo
Introduction to Remotion — Create Videos and Animations with React,"Basics of Remotion Since you have initiated your Remotion project, You can start creating your video. But I think it would be better if you have some understanding of Remotion basics before that. Video Properties Width , height , durationInFrames , and fps are the video properties provided by Remotion. You can use those properties within components to configure the component’s size in terms of pixels, how many frames that component should play, and the number of frames per second. import { useVideoConfig } from “remotion”; export const ExampleVideo = () => { const { fps, durationInFrames, width, height } = useVideoConfig(); return ( <div style={{ flex: 1, justifyContent: “center”, alignItems: “center” }}> This video is {durationInFrames / fps} seconds",Artículo
SELECT REF(...) works in SQL Developer but fails in SQL Developer VS Code Extension,"I'm using Oracle Database 19c When I run the following query in SQL Developer, it works fine: However, when I run the same query using the Oracle SQL Developer VS Code extension, it throws an error and disconnects from the database. Environment: OS: Windows 11 Oracle Database: 19c Java: HotSpot 64-Bit Server VM build 21.0.1+12-LTS-29 SQL Developer: Works SQL Developer VS Code Extension: Fails What I've Tried: Reinstalling the extension Testing other queries (they work fine) Verifying object type definitions and table structure Expected Behavior: The query should return references just like in SQL Developer. Actual Behavior: It shows an error and disconnects from the DB session. Question: Is this a known limitation of the VS Code extension, or am",Pregunta
Track number of kafka connection open at a given time in go microservice,I am using Kafka github.com/segmentio/kafka-go library to create a Kafka connection with the broker. creating a client with the following configuration for subscribers and producers respectively Producer: I am observing that the number of open connections are way higher then expected. Here for producer and subscriber are expected to open only one TCP connection. Is there a way to Log the opened and closed connections in the Golang microservice?,Pregunta
Why is scalafmt gluing these lines together?,"I have this type definition: Which I like formatted the way it is. But even with scalafmt glues them all into one line (and what's even worse, breaks it into too lines if it ends up being longer than ): ... which, to me, looks completely unreadable :( Why is it doing this, and is there a setting that would make it preserve my formatting? Update In response to comments, here is the entire script:",Pregunta
PHASE 2 Project : E -View. A Web Application made with Rails,"If you happened to read my first blog, you would know that I am still fairly new to coding. After going through Phase 1, having to worry about the coding challenge retake as well as projects all in the same week, I prepared every day relentlessly to pass the CC on the first try for Phase 2. Thankfully I did, and ended up having a full week and a half to create our project. Background of the application: The application’s main goal should be to hit CRUD (CREATE, READ, UPDATE, DESTROY). Users will be routed to the home page when they enter localhost:3000/ Users should be prompted to create an account to navigate the app Once an account is created,",Artículo
Select Inner Join + Basic Exercise Questions(Table Nickname),"Join — The clause which combine tuples from tow or more tables, based on related columns between them. As you see, we’re going to learn the Join today. You might think “After all those hard works with foreign key, and now you want me to combine tables back? What the…….” I feel you. But, we need join to read those data easily! And we can use join even on the tables without foreign key. There are two joins, Inner and Outer. Today I’ll be talking about the Inner Join. [Inner Join] Inner Join can combine tuples that have same value of certain columns. And there are two ways to use it. (1) Basic Inner Join The basic query of the",Artículo
HTTP POST vs GET: Is One More Secure For Use In REST APIs?,"HTTP POST vs GET: Is One More Secure For Use In REST APIs? Robert Broeckelmann Feb 6·16 min read Grain / Kamil Porembiński The use of HTTP POST vs HTTP GET for read-only (or query) operations in REST APIs recently came up in a conversation. For this particular shop, there had been a long-standing ban on the use of GET requests for use in homegrown applications. This had been the case since before REST APIs were in common use and traditional web applications (server-side generated HTML) were the standard architecture. The only problem was no one really knew or remembered why it wasn’t allowed — just that it was “insecure”. It’s unfortunate that such a standard evolved because it prevents",Artículo
Incorporate AME into glm() loop of logit models,"I'm running a bunch of identical logistic regression models across a variety of different treatment conditions from an experiment, and I have a handful of outcomes, so I've written a simple bit of code that loops through those and creates a dataframe of results at the end. I think my question is fairly straightforward so I'll be succinct: what is the best way to subsequently calculate average marginal effects (AME) and CIs using my same framework? Of course, if there's some completely alternative way of doing this that requires a change to my strategy, that's fine too. Ideally, at the end, my goal is to have one big dataframe with the logit coefficients and CIs alongside the AMEs and CIs.",Pregunta
Does Stimulsoft Reports.JS (v2023.1.1) Support PDF Protection?,"I'm currently using Stimulsoft Reports.JS version 2023.1.1 and need to generate a PDF with protection, such as: Password protection Restricting editing/printing Other security options Does Stimulsoft Reports.JS support these features? If so, how can I implement them in my project?",Pregunta
Principles of Object Oriented Programming — Part Three: Polymorphism,"Now, polymorphism sounds a little scary but if you look it up in the dictionary, all it means is, “the condition of occuring in several different forms.” In the context of programming, it describes methods that have the same name, but perform difference logic. As with the other posts in this series, I will use Java for my code examples. In Java, polymorphism can take on two types: Static Dynamic Static Polymorphism This is where methods in the same class can have the same name but different parameter variations. In Java, static polymorphism is achieved with method overloading. The parameters or input data into the method can vary in 3 ways: The number of parameters The data types of parameter",Artículo
SQLite : Light & Powerful. This blog is a quick overview of…,"Selecting data Before we move ahead, ponder for a minute. What is the most frequently used operation (that you perform) when using a GUI based tool like MS Excel? You guessed it, the answer is Selecting! You select the data first and then select the operation from the menu bar at the top. You select the cell you want to update or delete. In shot, you select before every operation. In GUI based applications, its pretty obvious. But in RDBMS, we have to write SQL queries to select data. Knowing how to select data is the most fundamental operation. Before you can doing anything, you will have to select your data. Let’s get started! select clause The select clause helps",Artículo
Setting keycloak TOTP execution as REQUIRED,"I am writing integration tests in which I use testcontainers with keycloak 24.0.5 . I want to enable totp for the admin realm. It's easy to set this setting in the GUI but I need to set it automatically. Is there a way to do this using the admin rest api ? I've been trying to do this using an update endpoint for auth flows but unfortunately, this results in a http 202 status code. I am very thankful for any hint.",Pregunta
"Multipanel where content is always the same size, but only one is shown","I'm trying to use CSS/HTML to create a multi-panel widget where users can advance through the different panels. Ideally the next button rests below the content, and doesn't move. To support this, I'd like to make it so that the panels are always the same height (even if one had more content than the other). I've tried using grid to force these to the same height, but if I use then the height of the grid doesn't account for those not displayed elements. If I used then the hidden panels still take up space in the DOM, but just don't show anything. Any ideas for making a reactive solution to this problem?",Pregunta
How to implement your next project in Django using Hexagonal Architecture,"Photo by Naveen Kumar on Unsplash How to implement your next project in Django using Hexagonal Architecture Aristóbulo Meneses ·Nov 19, 2020 I’m glad you asked, the answer is very simple: You Don’t. There you go, I just saved you from many, many, many hours of pain.",Artículo
How to properly reuse heavy calculations performed in the Parent class within the Child class?,Suppose I have a Parent class in Java: Also I have a Child class: Before creating a Child class I have a requirement to create Parent class. How can I properly design my program to not repeat heavy calculations in Parent class while constructing the Child class?,Pregunta
Database structure for Products/variants/bundles/carts,"I got a scenario where i need to design a SQL db structure over MariaDB but i am not a Database Architect and i want to do it right the first try. So, i have a products table which, for the sake of readability, has 2 fields, id and name. I have no idea how to make this graphic so i'll use json to define it: Then i have the variants table: Now the goal. I need to add a Bundles and Carts . Bundles have to contain multiple products with a specified variant. Carts have to contain multiple products with a specified variant and also bundles. Now i need the ability to also add discounts to carts and bundles",Pregunta
Pytesseract cannot always understand very simple and clear text (font Consolas),"Pytesseract cannot understand very simple and clear text. I've tried nearest neighbor, bilinear, gaussian blur, and everything else and cannot get tesseract to read the text consistently, the best I can get it is how it seems currently. the JZXN is working so is IBG and DVLT, but MMMM is not picked up whatsoever and JXG is IXG to tesseract.",Pregunta
Apple Silicon: The Dev Tools That Work and Don’t Work (Yet),"Apple Silicon: The Dev Tools That Work and Don’t Work (Yet) A useful checklist for software engineers on macOS Photo from Apple’s November 2020 event. The new Apple Silicon Macs have been out for a while now. The machines have shown drastic processing power and battery improvements while being at the same price point. As a result, most tech reviewers have no issue recommending them to people for everyday use. However, the story is different for software developers. There are currently two main concerns with the new lineup. First, there’s limited external monitor support. The new M1 MacBook Air and MacBook Pro only support one external monitor via Thunderbolt 3. The Mac mini, which does not have a built-in monitor,",Artículo
Go: Image Rendering in 2D Video Games with Ebiten,"Illustration created for “A Journey With Go”, made from the original Go Gopher, created by Renee French. ℹ️ This article is based on Ebiten 1.10. Ebiten is a mature 2D game library, written in Go by Hajime Hosh. It is the engine in some mobile games on the Apple Store, such as Bear’s Restaurant, or desktop games like the OpenDiablo2, an open-source implementation of Diablo 2 with Go. Let’s now dive into some fundamental concepts in video games along with their implementation with Ebiten. Animation In the video game world, Ebiten renders animation thanks to separated still images. This collection of images are grouped together into a bigger image, usually called “texture atlas,” also called “sprite sheet.” Here is an",Artículo
SBT remote caching weird invalidation,meta info I created a simple project using with the following directory structure build.sbt looks like I then performed a The cache now looks like I then copied my project to some other subfolder ( with same name ) and updated just one file in the project But on performing I get a full compilation Have I misunderstood the usage of remote caching? Why isn't my remote cache not containing sources?,Pregunta
How I hacked Facebook: Part Two,"This article was previously revised by multiple parties before releasing it, and I had to get written permission to release it as well so that some names and information might be changed as a request from Facebook and its partners. So when I found the first vulnerability in part one Facebook mitigated it after a day of reporting it.. then I had to get back to read the burp suite history and just to see how things worked. As you can observe in the screenshot, Number 1 in blue, the cookies its ASPXAUTH, Absolutely yes!. Have you got what I imply? — ASPXAUTH indicates 80% it’s vulnerable but first, you need several things: validationKey (string): hex-encoded key to use for",Artículo
Entity Developer and ADO.Net Data Providers Now Support Entity Framework Core 5,"Devart announced an update for Entity Developer and dotConnect ADO.NET data providers for Oracle, MySQL, PostgreSQL, and SQLite. The new versions now support Entity Framework Core 5.0. Devart, a recognized vendor of professional database management software and world-class data connectivity solutions for various data connection technologies and frameworks, introduced support of the Entity Framework Core 5.0 in Entity Developer and dotConnect providers. Entity Developer 6.10 can now detect many-to-many associations and table-per-type inheritances automatically when generating an Entity Framework Core 5.0 model from a database. Also, these inheritances and associations could be created manually via the corresponding editors or Model Refactoring Wizard. Standalone Entity Developer application now targets Entity Framework Core 5.0 by default, when creating new Entity Framework Core",Artículo
7 must learn programming languages for kids,"As technology innovation turns out to be upgraded in our daily lives, the fundamental computer programming languages no longer have importance in today’s world. All they need is progress in every step of technology they use. In fact, programming for kids has become an important topic and day by day, increasing awareness. As everyone is interested in learning “how does a computer work?” even the kids may be wondering about the computer working process. This is a groundbreaking exercise for them to challenge themselves and learn coding languages at an early age. Teach them how to figure out the program in the most difficult way. Numerous free videos on YouTube can guide you from the beginning. In a couple of",Artículo
Exporting and Importing JSON Data,"Exporting and Importing JSON Data Photo from Piqsels (CC0) In the previous articles, we studied the basic rules of SQL database design, created a database schema diagram for a recruitment service, and filled the newly-created database with test data on employees. Img.1. The database structure diagram for a recruitment service The database contains the following entities: Employee Company Position Project Skill This time, let’s consider the ways to transfer data from one SQL Server database to another one through export and import. This can come in handy when the management system of the client database is an older version than the data source. Meaning, when it is impossible to use a backup copy or when only a part of data",Artículo
Working on an Open Source Project as a Team,"Working on an Open Source Project as a Team Reflecting on our experience contributing to open source project Reactime Photo by Javier Allegue Barros on Unsplash. Now that our team has launched Reactime version 7.0, we have some time to reflect on our experience contributing to an open source project. Our team was incredibly productive despite working across multiple time zones and exclusively communicating virtually. The most important aspects of our successful team dynamic were pretty simple: empathy and communication. More concretely, here is how we put these into practice. Before diving into a project, we discussed everyone’s individual goals and searched for an application that we were all passionate about and would enjoy working on. We all love using",Artículo
Apache Mesos. What’s That?,"Apache Mesos Overview Apache Mesos is an open-source, distributed, highly available, and fault-tolerant cluster manager developed originally at the University of California, Berkeley. Similar to Kubernetes, Apache Mesos provides an easy way to develop distributed applications. Mesos provides CPU, memory, and disk resource abstractions for a given set of servers inside a data center. It can easily make data centers behave as if they were a single monstrous machine. Mesos is an abstraction layer that abstracts both virtual and physical machines. The basic idea of Mesos is to act as a facade in front of a group of machines. Such a group of machines that are managed by Mesos is called a Mesos cluster. So instead of reaching out to",Artículo
How can I encrypt large files in chunks?,"I tried to use and Rust crates and in both cases I was having an issue where I tried to encrypt a file larger than the size of a chunk buffer I will get an invalid ciphertext which is not decryptable. Here's the example conditions I want this program to run at: I need to encrypt 50 gigabyte file but have only 2 gigabytes of ram and 4 gigabytes of storage, so I can't take the entire file into memory and I can't write it to a new file in chunks. I need to somehow replace chunks of the file with it's encrypted ones. Here's my code: I expected it to work for files larger than the chunk buffer size",Pregunta
Building a Music Game in JavaScript: Part 2,"Building a Music Game in JavaScript: Part 2 Adding gamification, score, and interaction Photo by Zorik D on Unsplash In part 1, I described how to use async functions in JavaScript to play a series of sounds at a specific interval, with all of it being controlled by a pad. After each interval, a loop iterates through the sounds again and plays the ones that are switched on. Let’s now go through the gaming logic and explore how the score, timer, win and lose mechanics are done. When the user plays, they hear a beat coming from the computer, and then they have a limited time to recreate it. During this time, they can try different patterns, listen to the",Artículo
How to handle Non Sendable Struct in Async/Await?,"I have a View that can let the User pick an Image. I bind the PhotoPicker to ""item"" a PhotoPickerItem. But in the ""getImage"" Function i get an error: ""Sending 'photoPickerItem.some' risks causing data races"". I think the problem here is that PhotoPickerItem is not a Sendable. But how do i fix that issue? Waiting for Apple to let Photopickeritem conform to Sendable? i tried i watched apple sessions for migration to swift6 but nothing is working",Pregunta
Stored Procedure vs Direct Execute performance,"I have this stored procedure on a SQL Server database which is used to update static data. It has 40,000 table inserts/updates in it. It has no parameters. If I execute the stored procedure in SQL Server Management Studio (SSMS), it's taking over 15 minutes to run. However, if I run its script contents directly it's taking 1 minute! I have tried things like: OPTION(RECOMPILE) UPDATE STATISTICS DBCC FREEPROCCACHE;",Pregunta
iOS Navigation Bar Design Guide,"A navigation bar is usually placed at the top of the view, below (1.) the Status Bar, and contains 3 main components: (2.) a left item, (3.) a title, and (4.) a right item(s) (both 2. and 4. are optional). This bar provides hierarchical navigation between views, and is one of the ways to prevent the user from getting lost inside an app. The navigation bar can be paired with (5.) a Search Controller and (6.) a Scope Indicator. 1. Status Bar The Status Bar displays contextual information about the device, and it appears on the upper edge of the view. The elements that are usually in use are the time, the cellular carrier, the wifi connection symbol, and the",Artículo
iOS18 WKWebview evaluateJavaScript crash in multiple thread - BUG IN CLIENT OF LIBPLATFORM: Trying to recursively lock an os_unfair_lock,"After upgrade to iOS18, my iPhone app keeps crash with the following error: libsystem_platform.dylib`_os_unfair_lock_recursive_abort: My app opens ~10 web pages at the same time by using WKWebview. Once the page is loaded, I use evaluateJavaScript to get the page html content. Then I use kanna to parse the html data. The code likes: After the debug, it seems that it will work OK if number of web pages being loaded concurrently is 2 or 3. If I load 10 different web pages at the same time, the app will crash with the error: BUG IN CLIENT OF LIBPLATFORM: Trying to recursively lock an os_unfair_lock The same code has worked well in iOS17 or earlier. I have tried the following approach:",Pregunta
"""aborting due to insecure configuration"" while configuring TLS on Rust rocket server","I had a rust rocket server running on http and wanted to use SSL for https. So I looked up rocket's docs and they say that mentioning and updating the toml file should work. So I used lets encrypt to make cert and key, and then updated the file to Now,I tried to run it using . Initially I got error permissions, so I gave 777 to . Then, I get this error... Here's the full back-trace Looks like I'm missing some important step? Trying SSL for the first time (looked at a few tutorials but they are not for rust rocket). Any help appreciated! My setup Rust Rocket server running on docker on RaspPi. Port 80 forwarded from my",Pregunta
SKAction completion closure error: Escaping closure captures 'inout' parameter,"I'm trying to call a function that takes in an Array as a reference And the function will make the array pops its first element to run some animations. Once the animation is complete, the element gets put back to the Array However, I get the following error message: How do I get this function to work? Thanks in advance.",Pregunta
Accessing remote MySql server using local PhpMyAdmin,How to access remote MySql server using local PhpMyAdmin It is very tedious to connect your remote mysql box especially when you are working with VPN. Initially I used telnet to connect to mysql box than I try to use workbench. Workbench is good and better than using telnet but again it consume more memory and if VPN got disconnected it just hanged. It so irritating. Than I try to configure my PHPMyAdmin to access remote mysql server and it is really very easy to setup. Just you need to configure/modify a single file in PHPMyAdmin folder i.e. “ config.inc.php”. Just add below lines to your “config.inc.php” file add the bottom: //provide hostname and port if other than default$i++; $cfg['Servers'][$i]['host'],Artículo
"Micronaut mTLS with Self-Signed Certificate Without CA - Getting Unauthorized (401), but Works in Postman & Terminal","I am trying to configure Micronaut HTTP Client to communicate with a self-signed HTTPS server using mutual TLS (mTLS). The server does not use a CA certificate, and I have set up client keystore and truststore as per the Micronaut documentation in which skipped the root CA cert. However, I am still receiving a 401 Unauthorized error when making requests. Problem: mTLS communication works fine in Postman & Terminal (curl). Fails with 401 Unauthorized in Micronaut HTTP Client. Micronaut Version: Micronaut 3.9.6 application.yml (For Client) Expected Behavior The Micronaut HTTP client should send the client certificate correctly. The request should not be rejected with 401 Unauthorized. Since Postman & curl work fine, Micronaut should behave the same way. [EDIT]: Wireshark",Pregunta
Nest.js & Webpack Hot Module Replacement,"Hot Module Replacement, or HMR, can be found in many different languages and frameworks in software engineering to keep this article short the scope will be limited to HMR in webpack and, briefly, how it works with nest. For more information check out nestjs.com documentation on hot reload and webpack’s documentation on HMR Nest.js According to nestjs.com: Nest is a framework for building efficient, scalable Node.js server-side applications. It uses progressive JavaScript, is built with TypeScript (preserves compatibility with pure JavaScript) and combines elements of OOP (Object Oriented Programming), FP (Functional Programming), and FRP (Functional Reactive Programming). Under the hood, Nest makes use of Express, but also provides compatibility with a wide range of other libraries (e.g. Fastify). This allows",Artículo
Exit swirl in the middle of a cmd_question,"I know I can exit swirl by typing bye() but this doesn't work when I have a cmd question that is waiting for my input. In this case it works as ""normal R"" and if I type some of the keywords of swirl (not only bye but also info and so on) I get function not found. Any solution? ESC won't work either.",Pregunta
"Terminating app due to uncaught exception 'MLKMissingLocalizerModel', reason: 'Object localizer model is missing","I use ML Kit library: In my application, when I run to capture QR code, it's crashing with the following error. Terminating app due to uncaught exception 'MLKMissingLocalizerModel', reason: 'Object localizer model is missing.' First throw call stack: (0x19cca95ec 0x19a225244 0x19cdf66e0 0x105157c64 0x19a1ff4ec 0x19a20672c 0x19a206514 0x19a2063c8 0x19a1f9e7c 0x19a1f80e4 0x19b6a5384 0x1047268a0 0x104726620 0x104727af8 0x104727b58 0x1bb633ffc 0x1bb672458 0x1bfa54944 0x1bfa5470c 0x10807e578 0x108081680 0x108098d98 0x1080977d8 0x10808ecd0 0x10808e9b4 0x19ccf5bbc 0x19ccf21b0 0x19cd44274 0x1e9ebd4c0 0x19f88a77c 0x19f4b0e64 0x19fbeda7c 0x1046a2be4 0x1046a2b5c 0x1046a2c60 0x1c2f18de8) libc++abi: terminating due to uncaught exception of type NSException I did google search more and more, although I didn't find a solution for it. Any suggestion will be appreciated. This is the code related to the crash:",Pregunta
What is VR and how it will change our lives ?,"What is Virtual Reality? Have you ever wondered how it would be to transfer yourself into a whole new world right from the place you are currently within seconds? If this is something that you have always wanted, then your wait is over! We have virtual reality here! Virtual reality is a technology that enables to you experience anything, anywhere, at anytime. It creates a three dimensional effect using two senses, viz: sound and sight. Devices are being developed which block the actual world around you from disturbing you when you wear these VR devices to help you experience the virtual world. This article talks about how the top three performing business sectors which can exploit the advantages of virtual",Artículo
An Intro to Web3 Development,"Photo by michael podger on Unsplash In my previous post, I talked about the basics of Ethereum at a higher level as an introduction to people just coming into the field of crypto. In this post (and future posts), I’ll be taking it deeper into the specifics of Web3 development using Node scripts and web3.js. For the full code example, check out the GitHub repo. Set Up Test Wallet The first step to developing on the blockchain is getting a test wallet set up. There are many ways to do this, but we’ll do it through metamask. If you already have a test wallet with a public address, you can skip this step. First, install the metamask chrome plugin and",Artículo
".NET 9 Blazor WebApp => WebAssembly MapStaticAssets, change appsettings.json during deployment runtime error","With .NET 8 we used the stand-alone Blazor WebAssembly for production, and during the deployment we used a file-transform to set the correct environment settings inside the file in the folder. With .NET 9 we switched to the default BlazorWebApp in combination with WebAssembly. In .NET 9 the feature was introduced. But now when we transform the inside the folder during deployment. The Blazor project is not starting due to the staticassets file. It took a lot of time to find out what went wrong, because the errormessage is not clear at all: Is there a way to work around this? Two options did work: Switch back from to Set the environment of the production server to For now we",Pregunta
Golang get Http method from events.APIGatewayProxyRequest,"I am implementing a Lambda in Go that needs to be able to access the HttpMethod (type) (ie. GET, POST, etc.). This is due to the need to use a switch statement in the Handler to access the correct function. I have tried using the api gateway with the template for passing the entire request and also tried it with no template. I also used the lambda URL (bypassing the API Gateway). The attributes I used are event.HTTPMethod and event.RequestContext.HTTPMethod. I used to know a way to convert the events.APIGatewayProxyRequest to a standard HttpRequest but can't seem to remember it. I am stuck at this moment. Both the events.HTTPMethod and the event.RequestContext.HTTPMethod are empty (strings) Any Ideas? Can anyone help?",Pregunta
Putting a background in multiple tabs using Tkinter Notebook doesn't work (Python),"I am currently trying to develop a small text editor, and to make it more useful I put tabs, so you can open multiple files at once (like VSCode for example). I'm using Python 3.13.1, and Tkinter. I created a class named . The structure of my code is : The structure containing my tabs is , initialized as Every tab has a associated to it, where there is (for the moment) a text editor ( ), and every tab is stored in The text editors are also stored in I have the method, and right after it a method that helps my code be easier to read. This method is called right after I call the class, in my",Pregunta
VCPKG: create & use local registry instead of remote,"Currently I use cmake + vcpkg configured under manifest mode to query a remote registry (defined in vcpkg-configuration.json) for package dependency. It works fine for a first run - packages have been built/installed under ""vcpkg_installed"" folder. I also noticed that there are UUID folders containing vcpkg.json and portfile.cmake for the packages under folder %APPDATA%/local/vcpkg/git-tree . Now I would like to freeze a few packages' versions and there is really no need to query the remote registry every time the code is rebuilt. But it seems that every time a rebuild is triggered, vcpkg will always first try to query the remote registry as part of the work flow, only to report that ""all required packages have been installed"" in the",Pregunta
"Rabbit Plagues, Genetic Algorithms","What if I told you we have a massively complex, multi-threaded optimization function simultaneously running on trillions of distributed biological computers that update their own hardware and software — and it’s all solar powered. Sounds too good to be true. It is. That function’s called evolution, and it doesn’t seem too compatible with our computers (without human intervention designing better computers). However, we have some ways of emulating the efficiency of evolution: Genetic Algorithms are a way to emulate natural selection using math. The evolution I’m fond of is punctuated equilibrium, which is much more rational than gradualism. Species don’t change much unless they need to, because there’s no room or reward for doing so. An environment-transforming event occurs, and",Artículo
changing color/linestyle for a second geom_smooth,"I am trying to make a plot with mulitple groups, each group fit to a linear model one type I fit to an equally weighted model, the next time I fit to a model that is weighted by the number of points in the bin. Here is some sample simulated data: and here is how a plot the data I can add but that does not add to the legend. Can I add this to the legend? Better yet, can I set the color/style for each line and customize the legend to have group-a weighted fit, group-a unweighted fit,group-b weighted fit, group-b unweighted fit? forgot:",Pregunta
Kolmogorov–Smirnov test(KS Test) in Python.,"KS Test is used to check if two continuous distributions follow the same distribution or not. Below is the Python code for performing KS Test. # Import Libraries import numpy as np import seaborn as sns from scipy import stats import matplotlib.pyplot as plt #Generating Normal Random Variable X x = stats.norm.rvs(size= 100) #Draw Kernel Density Estimation Plot for X sns.kdeplot(np.array(x),bw = 0.5) plt.show() #Use kstest function available under scipy to compare X with Normal Distribution. stats.kstest(x, ‘norm’) #Output : KstestResult(statistic=0.063772217543546034, value=0.81075786049050036) Conclusion: P-value is higher than the Significance level(Also known as Alpha .05 in our case) so we accept the Null Hypothesis which implies x is normally distributed. Follow us to get more such articles.",Artículo
gin-contrib session testing randomly fails on gitlab ci,"I am using gin-contrib sessions and reproduced the tests of this example test file: https://github.com/gin-contrib/sessions/blob/98372e3e8562a0d4b3d319db0d79ffbf5898e360/tester/tester.go In contrast to the example, I set some session options in my login handler: Now I wrote a test for this handler: This function should sign in a user defined in the fixtures. It works locally, but randomly fails as soon as I try to run it in a gitlab ci. Here is my gitlab ci script: The fixtures are being loaded, the user should be able to log in, but the test randomly sometimes passes and sometimes fails.",Pregunta
How did Gin generate SSL certificate for me although port 80 and CNAME are blocked?,"I've been trying to get a SSL certificate, but my ISP blocks port 80 and my domain service doesn't allow to set CNAME records. As I way about to give up I stumbled upon which is a feature of some Golang web frameworks and it magically generated a certificate for me . My question is: How? Can someone explain this to me? Gin : https://github.com/gin-gonic/autotls My code:",Pregunta
Developing a fully Serverless Web app,"Developing a fully Serverless Web app Background As many companies tend towards a service oriented architecture, developers will often wonder whether more and more parts of their service could be moved into the cloud. Databases, file storage, and even servers are slowly transitioning to the cloud, with servers being run in virtual containers as opposed to being hosted on a dedicated machine. Recently, FaaS (function as a service) were introduced to allow developers to upload their “application logic” to the cloud without requiring the server, essentially abstracting the servers away. Despite not having to worry about the servers, developers find that they now have to deal with the cloud. Complexity with uploading, deploying and versioning now become cloud related. This,",Artículo
How to use OpenSSL BIOs? Combine BIO_s_socket and BIO_f_ssl,"I'm writing a simple application to connect to a server, using OpenSSL. The initial idea was to write a custom BIO method to get information on the hardware socket timestamp via linux's SO_TIMESTAMPING, but in the meantime I realized that I'm missing something in how to build a proper BIO, so I restarted my understanding process from the scratch. Most basic idea: let's use a BIO to connect to the socket and a BIO to do the crypto stuff, in order to recreate the basic behaviour of SSL_write and SSL_read. The code that is instantiating the BIO method and binding it to the SSL is the following: In this way I expect that under the hood SSL_read is doing a",Pregunta
numpy TypeError with importing GPflow in ipython,"I installed and just tried to import it with . But, I got an error like below. The versions of the modules are as follows. numpy version: 1.24.3 GPflow version: 2.10.0 python version: 3.11.5 ipython version: 9.4.0 One thing weird about this error is that this error actually disappear if I don't use . If I use just normal (this means that type ""python"" in terminal instead of ""ipython"" to launch Python) and do , then it works without the numpy TypeError above. But, I feel much comfortable with platform for using Python and thus I hope to use in . So, may I ask you how I could solve this issue?",Pregunta
Is there a way to expand this div to 100% of the screen without the scrollbar to appear?,I have this html and tailwindcss code: Ideally if dynamically the navbar or the footer change their height the height should change accordingly. I can fix this using on the parents divs. But in some pages I can't. Because sometimes I cannot change the parent divs classes. Obviously I'm not looking for a Javascript solution. Can you help me?,Pregunta
How Can You Drive Growth For Your Flower Delivery App?,"Undoubtedly, mobile apps have become a new bandwagon across the business industry. Providing the utmost flexibility and easiness for purchasing goods, mobile apps have revolutionized the buying-selling paradigm completely. All you have to do is just add your favorite products to cart and then click on, “buy now” option. This process has enhanced the convenience for customers across the globe. For instance, the company Uber has acquired half of the market with its services. It is the first privately funded company of Silicon Valley that has achieved tremendous success. ‘That’s the reason businesses are investing significantly in mobile apps, regardless of the kind of product. You can find an array of products online, be it food, clothes, and even groceries.",Artículo
Strict aliasing violation in C,"Does the following violate strict aliasing rule in C? I think it is violated but I am confused as FFTW library say that we can do this. This function is defined in for a real floating pointer. But in the fftw documentation , it is written that we can cast pointer (for example here from to ) Two arrays have equivalent alignment (for the purposes of applying a plan) if and only if fftw_alignment_of returns the same value for the corresponding pointers to their data (typecast to double* if necessary).",Pregunta
"Check if rows exists, and add if not","This is my table: user_id last_activity_time 1 2025-06-20 11:00:01 2 2025-06-20 11:00:02 3 2025-06-20 11:00:03 4 2025-06-20 11:00:04 Let's say, my input parameter if a user id list: . I want to check if there are any rows for any of these user ids in the last 10 minutes. If yes, return those users (who appeared in the last 10 minutes). If not, add whole input list to the table. This code works fine: But it uses a . I am wondering if it is possible to do the same thing with . From my tests, it was not working, because when I asked for users not present in table, would not lock anything, and it did not guarantee atomicity.",Pregunta
How Does Connection Pooling Work In Django?,"If I'm not wrong, currently there are two ways to have connection pooling in Django: Native Connection Pooling (Django 5.x) Using PGBouncer I want to know that how connection pooling works behind the scene in Django. In FastAPI, there is one ""permanent"" process that handles all requests. We can have a connection pool using for example driver. In its simplest form, it creates like 10 connections to the Postgresql database(using 10 unix socket connections), then when a coroutine request a connection, it gives it from the pool. But in Django, there is no single permanent process. If we use Gunicorn with sync workers, every worker instantiates a Django application to handle one request at a time. There is no shared",Pregunta
TypeScript map function not throwing error on function with incorrect parameter count,"I have a custom map function in TypeScript defined as follows: This function expects the fn argument to be a function that takes two parameters: a number (n) representing the array element and a number (i) representing the index, and returns a number. However, when I try to pass a function that only accepts one parameter, like this: I am not getting any TypeScript errors during compilation (using tsc from the command line). Can anyone pls tell me why?",Pregunta
SafeZone: A web application mapping COVID and disaster related information for your state.,"The premise is simple, when disaster strikes, what is your plan? Do you even have a plan? Does your plan account for different types of disasters? With SafeZone, you will feel safer knowing you have a plan of action when the worst moments strike. Recently, I worked with a team to build a web app, with it’s goal being to deliver ongoing disaster related information to the user for their state of residence in the US. Along with current disaster related information, the app would also deliver 7 day moving averages for COVID positivity rates. The scope of the project could potentially be very large with thousands of cities across the US, so we wanted to deliver an MVP that",Artículo
Joining table to get all individual stocks in the SP500 on a given date for later aggregation,"I have tried a bunch of merges, foverlaps, and other attempts but I cant seem to get this one. I have two data sets: 1) individual_equities with the columns ""TICKER"" ""date"" ""Price"" ""Volume"" where the ""date"" column is the date that price and volume are being recorded, and 2) sp500_start_end that contains ""TICKER"" ""start_date"" and ""end_date"". The sp500_start_end table occasionally has two rows per ""Ticker"" where a stock was an active member of the sp500 from 1996-01-01 to 1998-12-31, was delisted, and then again relisted for 2002-03-12 to 9999-12-31 to signial it is a present member. sp500_start_ end looks like this: ind_equities looks like this: I want a final table to do aggregations on and I cannot seem to get",Pregunta
PutState and GetState: The API in Chaincode Dealing with the State in the Ledger (Part 1),"Overview Ledger in Hyperledger Fabric is composed of two parts: blockchain of transaction records and world state (link). Each channel has its own ledger, and each peer node joining the channel will keep a separate copy of this ledger. Chaincode (smart contract in Hyperledger Fabric) keeps the business logic agreed by all participants, interacting with the world state, the single source of truth. In this article we try to explore the way chaincode writes on and reads state from the ledger. It is done through PutState and GetState API. GetState comes with some variations to make the reading with flexibility. APIs used in Chaincode to update / obtain state info from world state database It is always good to learn",Artículo
Debugging Mainframe COBOL programs with VS Code,"Many developers do multi-platform development where learning new steps to do common tasks like debugging is painful. How can I simply use a common IDE like VS Code to debug Cobol? Grace Hopper coined the word Bug and Debug after finding a moth in a calculator in 1945. Similarly, Debugging is the process of finding and resolving defects or problems within a computer program that prevents the correct operation of computer software or a system. Debugging is an essential part of software development as it is one of the basic developer tools used to understand the code, find problems, and test various flows through an application. This along with other skills and tools support, successfully build and delivery of an",Artículo
Smart Contract Software Developer in Kolkata 2021–9870635001|Nadcab Technology,"Direct Whatsapp- https://bit.ly/2op0VQr website visit- https://bit.ly/2nJJwBV What is Smart Contract Software Developer? Blockchain Smart Contract Software Developer is a virtual contract built using a blockchain platform for stability and privacy purposes. This smart contract can be concluded between two parties without the intervention of a third party, and the terms and conditions are drawn up according to the authority. Once these terms and conditions are met, funds are automatically transferred from one party to another. Smart contract data is stored on the ledger to enhance security. These enticing qualities not only make smart contracts stand out from the box but also garnered attention from various industries. Nadcab Technology, a leading smart contract, provides a comprehensive range of smart contract development,",Artículo
How to write Rails scope for this SQL query,"I have an issue to get rows from database by multiple conditions. I have a table Slot and SlotAlteration. The slot has a time_off_id field. SlotAlteration has two columns, slot_id and action. Action can be 0 or 1. Each slot can have up to two entries in the SlotAlteration table with action 0 and 1 (not 0 and 0, and not 1 and 1) or have no connections to SlotAlteration at all. Query i need to convert into rails scope is Alterr is SlotAlteration table This is sql structure and query for visual representation. https://dbfiddle.uk/yejKnaAi My Slot model has association I tried that, but this is not select slots that are haven't alterations",Pregunta
How to capture STDERR output in Jupyter Notebook with R kernel,"Jupyter Notebook with R kernel (IRkernel) cannot show output to STDERR. For example, below are two cells in an .ipynb file: However, the terminal that runs the Jupyter server in background, does output Is it possible to capture STDERR output in Jupyter Notebook with R kernel? If so, how? Thanks. PS. Session info R : 4.4.0 IRkernel (R pkg) : 1.3.2 Python : 3.12.3 IPython : 8.26.0 ipykernel : 6.29.4 ipywidgets : 8.1.2 jupyter_client : 8.6.3 jupyter_core : 5.7.2 jupyter_server : 2.14.0 jupyterlab : 4.3.4 nbclient : 0.10.0 nbconvert : 7.16.4 nbformat : 5.10.4 notebook : 7.2.0 qtconsole : 5.6.0 traitlets : 5.14.3",Pregunta
10 Best SQL and Database Courses For Beginners — 2021 [UPDATED],"Hello guys, if you are a computer science graduate or new into the programming world and interested in learning Database and, SQL and looking for some awesome resources —like books, courses, and tutorials — to start with, then you have come to the right place. In the past, I have shared some of the best SQL books and tutorials, and today, I am going to share some of the best SQL and database courses to learn so you can master this useful technology. If you don’t know what SQL is and why you should learn it, let me give you a brief overview of SQL for everyone’s benefit. SQL is a programming language to work with a database. You can",Artículo
Stacks 2.0 vs AWS Lambda,"The much anticipated release of the Stacks 2.0 blockchain is drawing near and we thought it might be helpful for AWS developers to understand why this is big news and how it might affect them. Put simply the Stacks network adds smart contract capability to the Bitcoin blockchain. Clarity Contracts share many of the characteristics of the underlying blockchain. They are uncensorable, transparent and inherit the most important features of a global consensus network — they provide an independent mechanism for determining the ownership of digital assets. In practice Clarity Contracts are similar to lambda functions in AWS’ Serverless, small units of code with responsibilities for carrying out well defined operations, but unlike lambda functions these contracts run securely on",Artículo
What's the most reliable method for cross-platform alarm signal handling or execution timeouts in Perl?,"I've added advisory locking to Sqitch , using Postgres advisory locks and MySQL GET_LOCK() . This feature prevents more than one instance of Sqitch from deploying to a database at one time. This works great, but I wanted to add a lock timeout, too, so that one never finds a CI/CD process hung for hours or days because something went amiss. MySQL's supports a timeout argument, but Postgres advisory locks do not. Since I thought it likely that other database engines would also not have timeouts, I thought it best to implement the timeout in Perl. Following the DBI manual, I used Sys::SigAction to set and handle the timeout : I also added tests to confirm it works with both",Pregunta
How to Mock S3ClientInterface with PHPUnit 10+,So this question has been asked here before - How to Mock Aws\S3\S3Client for phpunit // how to mock magic methods but the answer there is no longer valid because was deprecated in PHPUnit 10 . So the question remains - how do I mock an S3 client in a unit test in modern PHPUnit 10 / 11? It refuses to mock methods that don't exist and the vast majority of methods including are magic methods that don't actually exist . The only thing I have gotten to work is mocking the method - but that is very awkward especially trying to test multiple calls to separate methods. I assume there has to be a better way knowing how popular,Pregunta
eLeanSecurity Junior Penetration Tester (eJPT) Certified!,"Long time no see Some time has passed since myvery first post, and some major changes have taken place in my life. I’ve started working at IBM in June as an IT Specialist in the Global Technology Services division. I also enrolled in a MS in Cybersecurity. I know MS are not seen as something very useful in the infosec field because everything evolves extremely fast (SolarWinds hack for example), but for the HR offices in my country they are a +. I also got my hands on some certifications from the cybersec field. eJPT Course & Exam A journey of a thousand miles begins with one small step, and this was the first move of this ride I’ve embarked",Artículo
Data Not Showing in RecyclerView on Android Studio Emulator,"I’m working on an Android app where I’m trying to display data in a RecyclerView. The data is fetched from a local database and should be displayed in the RecyclerView, but it’s not showing up in the emulator. Here is my code: I’ve added logging statements, and the data seems to be fetched correctly from the database, but it’s not being displayed in the RecyclerView. Here are the logs: D/HomeActivity: Data fetched from database: [CategoryItems(...)] D/HomeActivity: Data set in adapter: 4 I’ve checked that the RecyclerView and adapter are properly initialized. What could be causing this issue?",Pregunta
How to return a named channel type that is read-only version of another channel type?,"I have a code that is similar to this: What I would like to do is to return a read-only version of the channel from the function. I've adding a read-only type that is compatible with the channel, and changing the function signature to use this type like this: but this gives a compile error: However if I drop the type and use native as return type it works: Is there a way to use the type for the return value? The channel in my real code is not actually of type - it is quite more complex generic struct. As I understand it - the type matches exactly the type . There is no covariance confusion going on here.",Pregunta
Intro to JavaScript Testing With Mocha,"With my last few blog posts, I spent time talking about the importance of testing with software development, and I gave an intro to writing tests with Rails. For this post, I’m going to talk about how to write tests in one of the foremost JavaScript testing frameworks. With plain old vanilla JavaScript, not using any frameworks like React or Angular, there are a variety of testing frameworks you can choose from, but I am going to talk about Mocha. The reason I chose Mocha is that the syntax is similar to the tests I was writing with Rails, and it is the framework my Bootcamp used for writing tests, so it feels familiar to me. It also has very",Artículo
How to Check a Sketchy Link Without Clicking It,"Let’s say you’re working through your dozens of emails, responding to clients or customers or business partners and you come across this one email from your bank informing you that you need to reset your password. This email comes completely out of the blue and to top it off you don’t recognize the senders email address. Do you click it? Maybe…maybe not. Did you know that you can investigate if that link is sketchy or not without clicking on it? This article and all the articles I write show up on my blog first. Head over there for more Cybersecurity thoughts, tips and write-ups: https://spenceralessi.com How to sniff out a sketchy link When it comes to hyperlinks, sometime’s it’s really",Artículo
OkHttpClient implementation security advice,"I'm having issues getting my kotlin api 24 app to connect to my api endpoint. The issue is related to ssl trusting. I've already tried adding the certificate to jdk trust store, and adding it to res/raw and manipulating the xml file, but to no avail. I asked ai to write a custom trust manager. The issue is resolved but I can't help but think this code will probably create security issues later on. Is this implementation ok? What can I do to improve it?",Pregunta
Looping through lines to pull matches into variables using Perl,"I have the output from an ssh capture that looks like this ... I used a loop to try and pull out the cage status and power supply status, ac, dc, and fan statuses I need the output like the following; but thinking i need another loop to process the second power supply: My code looks like the following:",Pregunta
GCP Learning Series: connecting MySQL Client from Compute Engine,"Often you need to host a database in a cloud for different purposes. It is the most basic thing that needs to be done for any online software or apps. We already have computing capability in the cloud so, it will be a good idea to use compute instance to connect database instance for carrying out the task. The process is consist of three steps Setup Cloud SQL Setup Compute Instance Connect two instances 1 Setup Cloud SQL First, goto GCP Console and click on SQL Second, click on Create Instance Select MySQL Select the second generation, which is also mentioned as recommended. Now input the instance name for your database, root password and the location of the database. After",Artículo
g++ not finding on Ubuntu,"I'm running Ubuntu 24.04.2 LTS. g++ is not finding header file. #include give a fatal error: print: No such file or directory compilation terminated. I've used: I've tried -std=c++23 and -std=gnu++23 alone as compiler arguments. I've tried sudo apt remove g++23 and then sudo apt update and then sudo apt install build-essential. I've event tried sudo apt install g++23 and even sudo apt-get install --reinstall cpp-23 From / I've tried sudo find . -name ""print"" -type f no files found. Nothing above has worked. Here is my simple Cpp23HelloWorld.cpp program Note the unneeded includes just a sanity check that the compiler could find them. What do I need to do to be able to compile a C++23 program? Or at",Pregunta
Game Object facing the wrong direction when moving,"My player can ride a bike, and the idea is for it to turn to the direction the player is moving rather than snapping into the direction. The player moves with W,A,S,D. The bike turns, but it's always facing -90 degrees in any direction it is going, so for example, if my player is moving forward/north (camera doesn't turn) the bike is facing left/west. How can I fix this so if I'm going forward the bike looks forward, and turns smoothly between directions.",Pregunta
The SOLID Principles for Android Developers,"The SOLID Principles for Android Developers Basically, SOLID is one of the most significant acronyms in the Object Oriented Programming concepts. Using SOLID principles in Android development could be helpful and effective to follow clean code principles. Therefore, if Android developers design and implement their codes without using structured design principles such as SOLID principles, they will create long-lasting problems, and probability of success for an application will be decreased in future. This essay aims to discuss the importance of SOLID principles for Android developers in designing and implementing a robust application. What is the definition of SOLID? SOLID is an acronym for five design principles in Object-Oriented software development intended to make software designs more understandable, flexible and maintainable.",Artículo
Error 1045 (28000): Access denied for user ''@'localhost' (using password: NO) exit status 1,I am trying to implement the tutorial from https://go.dev/doc/tutorial/database-access on windows 11 machine I have the set variables using the following code in my workspace terminal I access these credetials I tried uing also but same error,Pregunta
#50 Growth Weekly News,"Learn the latest news in Digital Analytics world and join us on this week’s stories in the comments. Last blog post for 2019 and we wanted to make it a little bit Christmassy.🎅🏼 May the new year brings us health, joy and exciting new updates from Google. So, grab your cocoa, sit next to your fireplace and enjoy the last stories for this year… Last week in summary: A quick flashback in Google Cloud’s year, along with an algorithm walk-through to save memory for count-distinct calculations. Also, BigQuery Reservations is now available in beta for US and EU regions.",Artículo
How to apply theme toggle?,"I'm working on a ticketing system and want to add theme toggle to my react app but I can't seem to do it. I'm using tailwind CSS so theme switching based on the system is easy, I can't seem to make the manual toggle work I've tried doing the following:",Pregunta
"Compiling c with armcc, how do I avoid clang-diagnostic with armcc syntax when using clang-tidy static analysis","Have you ever encountered a situation where clang-tidy will report error for some armcc syntax and some armcc commands when performing static analysis with the armcc compiler? for example: I have not encountered this problem when using the armclang compiler, is it because armcc is not compatible with clang-tidy?",Pregunta
Highly available and scalable PostgreSQL on Kubernetes (k8s) with the Crunchy PostgreSQL Operator (pgo).,"Following on from our post of getting Kubernetes stood up atop VMware’s vSphere. The next stage in deploying Zercurity to Kubernetes is to have a reliable backend database. Which can normally be a headache. However, the team over at Crunchy Data have built an awesome tool to deploy and manage a PostgreSQL cluster. The Crunchy PostgreSQL Operator ( pgo ) can build PostgreSQL replica sets, manage backups and scale up and scale down additional nodes as well as scale the CPU and memory requirements of running Kubernetes pods. Backups can also be managed and scheduled via the pgo command line tool. Crunchy PostgreSQL also provides a number of add-in pods such as performance metrics via Grafana and Prometheus. As well",Artículo
Why won't AddressSanitizer log my DEADLYSIGNAL/bug only when LeakSanitizer is off?,"I'm having what I would consider to be a very bizarre issue with ASAN. I am working on a linux daemon that is started by systemd. My ASAN flags look like this: The issue I am having is that ASAN does not log the crashes when , but it does log them when . When I first instrumented, LeakSanitizer was on by default and it did log, but it was annoying so I needed to disable it so I could log my actual segfault, but when I did this, I even got core dumps but no ASAN logs until I turn LeakSanitizer back on, but with LS on, I can't even get to my bug. And whats even weirder, during",Pregunta
Inserting a document into Elastic using Alpakka,"I'm trying to learn how to use Alpakka and have setup a test to write a document to Elastic. From reading docs, including https://doc.akka.io/docs/alpakka/current/elasticsearch.html have written the following : Outputs : Have I defined the case class DataPayload correctly ? It does match the expected payload defined in the index mapping ? : Using Elastic dev tools the following command will insert a document successfully :",Pregunta
Performance in Go: Mutex vs RWMutex,"There are two types of mutex in Go: and offers and . offers those functions plus and . From what I understand, we should only use when there are many read operations and few write operations, to allow for concurrent reads. It also is more time-consuming to write-lock. But what if I only use and alternate using when I want to allow concurrent reads and / when I want to do the same as a normal . Is using / the same time as a normal mutex equivalent functions? TLDR: Why use when offers the same functionality with more options?",Pregunta
How to remove default background modifier for the items inside the toolbars in SwiftUI?,"I am trying to create a toolbare for my macos app using SwiftUI. In the apps main thread I used this modifier :- and here is the design for the ContentView :- But when I tested the code, I am getting this weird background capsule shaped design behind every element I put in it, texts, textfields, buttons etc. How to remove this? I am not being able to search exactly what it is?",Pregunta
CaaS vs. IaaS: What’s the Difference Between the Two?,"Cloud computing is evolving with every passing day, and innovations in cloud computing are a new norm these days. We will be comparing two of the popular cloud computing technologies, Container as a Service (CaaS) and Infrastructure as a Service (IaaS) through this blog. This comparison includes parameters like popularity, deployment methods, applications, examples, scalability, and suitability, etc. Most often, CaaS is considered as a subset of IaaS, but its functionalities differ from that of CaaS. CaaS vs. IaaS: Top 8 Differentiating Factors CaaS Vs. IaaS: Which is More Popular? We can see from the above-mentioned graph that IaaS is more popular than CaaS over the last five years though there have been some periods of time when both the",Artículo
"How to make a ""sticky"" CircleView that stays attached to the edges of another views in SwiftUI?","How to make some point make draggable trough set of views edges like on the video: Instead of free drag: I don't even know where to start since I can't measure the bounds of a view without GeometryReader. However, GeometryReader isn't suitable in this case because these are different views on separate layers. Sample View:",Pregunta
Handling Outliers in Machine Learning,"Methods To Find Outliers Now We have understood what an outlier is and the different types of outliers now let’s see different methods to find outliers. There are two basic methods: Percentile Box Plot Percentile In this method, we choose a minimum percentile and maximum percentile. Usually, the minimum percentile is 5%, and the maximum percentile is 95%. Then We Fetch out all the data points outside the percentile range, which means those values that are greater than 95% value or smaller than 5% value, and consider them as outliers. Example: In a dataset, if 5% is 45 and 95% is 1000, then all the values that are below 45 or greater than 1000 are considered as outliers. Practical Example:",Artículo
Visual Studio Code & C programming on Linux,"I have been playing with Visual Studio Code(VSCode) to develop C code on Linux. Lately, I have became a fan of Visual Studio Code which I believe is a great free product from Microsoft for developers in a long time. I will show how to setup a Visual Studio Code on Linux CentOS and setup debugging C programming so that developers can step through the breakpoints in code. Please keep in mind that support for C/C++ on Visual Studio Code(VSCode) is still in preview so some things might not work as expected. The VSCode team is working hard to weed out some of the issues and release new features. Disclaimer: I am not part of the Visual Studio Code team",Artículo
Using the Command Line to Install Packages from GitHub,"Installing Package from GitHub Now we are ready to install packages directly from GitHub. In this example, we are going to install the MetaFlow package from Netflix. Here the package description: Metaflow helps you design your workflow, run it at scale, and deploy it to production. It versions and tracks all your experiments and data automatically. It allows you to inspect results easily in notebooks. Pretty cool ;) So first we will grab the URL for the master branch. In this example, the URL for the master branch of the project MetaFlow is: Then we need to remove https: and add .git to the end of this URL like so: //github.com/Netflix/metaflow.git To install the MetaFlow run the following pip command:",Artículo
How to create dynamic GORM query with Join avoiding SQL injection?,I'm trying to create query helpers for my repository pattern. Actually I'm dealing how to add join clauses. The only idea is to inject statement but this behavior might cause SQL injection. Here's my query builder here's my test but it returns incorrect SQL query,Pregunta
Perfect Recipe for Classification Using Logistic Regression,"Perfect Recipe for Classification Using Logistic Regression Supervised Learning is an essential part of Machine Learning. Classification techniques are used when the variable to be predicted is categorical. A common example of classification problem is trying to classify an Iris flower among its three different species. Logistic regression is a classification technique borrowed by machine learning from the field of statistics. Logistic Regression is a statistical method for analyzing a dataset in which there are one or more independent variables that determine an outcome. The intention behind using logistic regression is to find the best fitting model to describe the relationship between the dependent and the independent variable. In this article, we will first be taking a theoretical approach on",Artículo
Right valkey-go alternative for the redis-go Scan-with-iterator,With I am using iterator to scan a large number of keys like below I tried to do the exact same with but ended up with following code I don't think this valkey code will read all the keys like the one with redis. Also the valkey varient reads all the keys at once but the go-redis code reads in count sized batches. Can someone suggest the right alternative for the code with ?,Pregunta
“ProGuard”-A Safe and Unique Platform for Sharing Confidential Files Using AWS,"Privacy is the main concern in today’s world. There are many threats to the integrity of data and can be more harmful if the data is highly confidential. Encrypting the data and adding security layers is a must when dealing with highly confidential information. And for this purpose, using Advanced Encryption Standard (AES) encryption-decryption algorithm becomes most important as the AES algorithm is very difficult to crack. What is Advanced Encryption Standard (AES)? The Advanced Encryption Standard (AES) is a symmetric block cipher used to protect classified information.There are three block ciphers in AES: AES-128, AES-192 and AES-256. AES-128 uses a 128-bit key length to encrypt-decrypt a block of messages, while AES-192 uses a 192-bit key length and AES-256 uses",Artículo
Day 22 | Advent of Cyber 2,"Day 22 | Advent of Cyber 2 You have found where the naughty list has been hidden online but it’s encoded. Learn how to decode the contents of this file using CyberChef. tocto Follow Dec 22, 2020 · 2 min read the web page used in this room is too useful not to bookmark it;) [Day 22] Forensics // Elf McEager becomes CyberElf What is the password to the KeePass database? it seems that the file name is something encoded in base 64, let’s decrypt it to see if it is the password: It seems that if it allows us to log in to the password manager! **************** What is the encoding method listed as the ‘Matching ops’? The answer",Artículo
HTML coding in Wordpress Classic Editor,"I'm trying to lay out a text with a series of numbered comments that are part of the piece. As it is now, they're listed at the end of the text. Does anyone know the coding to have the text jump to the comments by clicking on the comment number? A while back I did some coding research to get the footnotes to jump in this way. Here is the HTML of the paragraph containing the first footnote: In the published piece, clicking on the footnote superscripts makes the text jump to the corresponding footnote at the end. This is what the HTML looks like for the sentence with the first comment: Unfortunately, it’s not possible to insert a segment",Pregunta
Build Robust Google BigQuery Pipelines with Python: Part III,"At Spotify, Google Sheet is a very popular office tool. One of the advantages of BigQuery is its capability to interact with data stored in Google Sheet. You can access, analyze, visualize, and share billions of rows of data from your spreadsheet with Connected Sheets, the new BigQuery data connector. This can be very handy when Data Scientists or engineers are collaborating with users who are less technical. However, there are some unexpected behaviors in BigQuery when it comes to Google Sheet, and they might not seem intuitive at first. This article intends to dive deep into different use cases of Google Sheet in BigQuery and help avoid confusion due to those unexpected behaviors, especially in the Python pipeline environment.",Artículo
Rethinking Separation of Concerns with React,"Angular and React Separation of Concern Rethinking Separation of Concerns with React And how it differs from Angular Understanding the true nature of separation of concerns is one of those topics that separates newbies from the seasoned developer. There’s more to code than just getting the syntax right. Beautiful code is one that is modular, loosely coupled and extremely easy to maintain. I’ve been thinking about long term feasibility of React and SoC over the past few days since my original deep dive into the framework. When Angular 1 came out, everyone was excited because of how easy it was to do things. But as projects grew, complications started to arise — especially when there are multiple people working on",Artículo
Slide Transition Widget In Flutter,"Constructor: Default Constructor for it will look like as below: SlideTransitionWidget({ Key key, @required Animation<Offset> position, bool transformHitTests: true, TextDirection textDirection, Widget child, }); Properties: There are some properties of Slide Transition are: > Key: This attribute key, controls how one widget replaces another widget in the tree. This attribute key, controls how one widget replaces another widget in the tree. > Animation<Offset> position: This attribute is used to define the animation that controls the position of the child. If the current value of the position animation is (dx, dy), the child will be translated horizontally by width * dx and vertically by height * dy, after applying the textDirection if available. This attribute is used to define the animation",Artículo
50 BlobClient calls before 100-second lag,"In C# using Azure.Storage.Blobs, Observed behavior: I'm downloading parts of files many times in a loop and the first 50 times the call to fill a string with the first line of a file each take around .11 seconds. After the 50th time, I start to get results around 100 seconds. I'm disposing the BlobDownloadInfo, the Stream, and the StreamReader each time. For my test, I'm also instantiating a new BlobServiceClient for each run. Desired behavior: The desired behavior is for all runs after the 50th to continue to take around .11 seconds. Steps to reproduce:",Pregunta
Learn To Develop The Code: My Way,"Okay, following the 80/20 rule we did 80% of the progress and spend 20% of the time. Sweet! We did not write a line of code yet, but we know what to do, and we know where to do it. Every application starts with a task. The task contains the requirements you want to implement. It documents the code you are going to write. And it answers the question “Why did I do it that way back in the days?”. Task is fuel. You pick a task and transform it into code. So create a list of tasks you are going to complete, thus you form the project backlog. You can create a board for the project, for instance, in",Artículo
Consistent Access Denied error when trying to connect to MySQL DB with PDO,I'm newbie to PHP and I'm trying to get started with it. I have been following this guide to create a PHP boilerplate for future projects using Docker (I didn't want to use XAMPP cause I like to make my life harder lol). Everything is working except I'm not able to connect to the MySQL DB. I've tried googling and searching on Stack Overflow but none of the solutions have worked for me. No matter what I try I get the following error every time: Exception when trying to connect to DB Here is my DB service in docker compose: Here is my file: I have uploaded the entire project with the bug to my GitHub repo here in case,Pregunta
Merge two dataframes and keep non-missing entries,"I have two dataframes like this: And I want to merge them. What I do is: I don't want the merged dataframe to have two columns sex.x and sex.y. Instead I want to have one sex column that contains the non-missing entry. So what I expect to get is: So the function I am looking for only keeps the non-missing entries whenever both dataframe have the same column name. If a column is only present in one of the dataframes, it should also appear in the final data. How to achieve that? Remark: I don't have the case of conflicting entries (i.e. different non-missing entries for same id)",Pregunta
pass the search item into url,"I am trying to learn react by practising a simple problem. I followed the below youtube tutorial https://www.youtube.com/watch?v=AsvybgZTryo&list=PLKhlp2qtUcSZiWKJTi5-5r6IRdHhxP9ZU&index=17 but when I search for an item the item is not passing properly in the api call https://dummyjson.com/users/search?q=${searchTerm} can you let me know what is the issue, providing the codse snippet and stackblitz below",Pregunta
Matrix Multiplication Simplification not giving same results in code,"I want to evaluate the expression x T Ax -2y T Ax+y T Ay in Matlab. If my calculations are correct, this should be equivalent to solving(x-y) T A(x-y) My main problem right now is that I am not getting the same results from the above two expressions. I'm wondering if it's a precision error or a conceptual error. I tried a very simple example with some random values to check my math was right. The mini example I used is as follows Both give 46. I then tried a more realistic example of values for what I'm doing and it failed. For example Gives 0 for the first expression and 7.1387e-28 for the second. Is this a precision error",Pregunta
What would be the appropriate way to mark a folder as specifically ignored within Cargo and VsCode?,"I am working on a hot reloading / dynamic loading system in rust, for a discord bot I am writing. I so far have a working bot and a folder in my project root called Cogs. I am using a build script to compile the contents of this folder (all lone .rs files) into .dylib files before main.rs gets run. However, writing a test.rs file has become difficult because I cannot: Statically link any of the Cogs into the main project at all, since that would defeat the point of dynamically compiling and loading them NOT mark them as in the project, otherwise VSCode and the rust-lang extension will not give me any help whatsoever until I statically link it,",Pregunta
What does np.ones_like represent in a quiver plot of a differential equation?,"I found some similar questions about quiver plots and direction fields, but I’m still confused about the meaning of these two lines in many examples: What do and mean in a quiver plot for a differential equation? I'm learning how to visualize differential equations using quiver plots in matplotlib. I saw the following lines in some examples, but I don’t fully understand what they do: The result: I know that f represents , but why do we set and instead of computing something like the actual derivatives? How does this choice make sense geometrically in the quiver plot? Can someone explain the intuition behind this?",Pregunta
Bridging the Impact Investment Gap: Infrastructuring Tomorrow.,"Financing the Transition — Blog1. This is the first of a series of blogs on financing the transformations that our societies need. It is part of our project ‘Re-coding for a civic capital economy’, co-financed by EIT Climate-KIC, and also builds on ideas developed through the EmergenE Room programme with McConnell Foundation, our work with Viable Cities, and the EIT Climate-KIC supported Long Term Alliance. Introduction Our generation is facing an unprecedented long emergency — from climate crisis to economic hardships to health emergencies to social injustice — all further exposed and deepened by the ongoing Covid-19 pandemic. Governments around the world are increasingly aware that the scale of the present calamity requires radical capital, policy, and infrastructural solutions beyond",Artículo
Apache Echarts Custom Gauge Label positioning,"I'm using this great library to create some reports. One of my challenges is with Custom Gauge, where I need to position the label with two values. In figure one, one can see what I built. In Figure 2, this is the requirement of what I should design. Is it possible to modify the labels' positioning and do it? Thank you for being so supportive, What I made What expected",Pregunta
Diversity and Inclusion Is Not an Option,"The How Attracting and recruiting As a job seeker, I came across many job descriptions which require an MBA. Access to such an elite and pricey type of degree can definitely be an advantage, but it doesn’t guarantee outstanding success in the role. Companies should widen their requirements to allow people who don’t have access to that kind of education to also be considered. Nevertheless, if a postgraduate degree is an important requirement for the role, it’d be great to hire from HBCUs, HSIs, women’s colleges etc.. Another amazing long-term strategy could be funding scholarships for underrepresented populations, like Visa and some other companies did. In addition, hiring diverse talent can also be a good selling point. Candidates (myself included)",Artículo
Triggers are not executed when a field is changed via NEW,"When changing a field in a row through a record in a trigger, how to execute triggers? Example: The second trigger , which for some reason is not executed even though alters the field: test case: When is executed and the field is changed, trigger does not fire.",Pregunta
Enumeration in PostgreSQL,"This article deals with the following Introduction Create ENUM in PostgreSQL View ENUM values Comparison between different ENUMs’ values Add a value in ENUM Update ENUM value Remove ENUM value Drop ENUM Conclusion Introduction Enumeration deals with a certain set of static values. Enumeration or ENUM can be used in PostgreSQL if one needs to make sure that some columns in database need to have specific set of values that never or seldom change. This article throws some light on how to work with ENUM in PostgreSQL with example. Create ENUM in PostgreSQL I consider one sales data table where sales related records are stored. Sales regions are to be specified as ‘Central’, ‘ North’, ‘South’, ‘East’, ‘West’ in that",Artículo
Make TabLayout ViewPager by SwiftUI,"Photo by Maxwell Nelson on Unsplash TabLayout is the list of horizontal tabs. If you are know little bit about android then assuming that you heared it. Now we will build it in iOS by SwiftUI framework. Recently Apple launched SwiftUI 2.0. There are lots of updates in this version. So we will use version 2.0 😊 Get Started Let’s start by developing a demo project which contains scrollable list of tabs with respective pages. In the below video, you can see that there is list of tabs views e.g. Tab 1, Tab 2 and so on.. with its respective pages. Every tab has own page. Page changed by every tab selection. In this sample project, we’ll cover some basic",Artículo
HeadStart System Design - Part 2 - My AWS Certified Solutions Architect Associate Journey,"HeadStart System Design - Part 2 - My AWS Certified Solutions Architect Associate Journey AWS offers various certification programs aimed towards Software Development, Solution Architecture, Machine Learning Engineering, Cyber Security, etc. Taking these certifications is a good idea if: You are someone who has been using AWS services as a part of the solution in the tech stack you are working on for more than a year Or, you are someone who wants to learn more about cloud tech and the services offered and how to use them for your working domain (ML, Cyber Security, Solution Architecture, etc.) Since I checked both of the above points, I decided to sign up for the certification and cleared it in Dec 2020.",Artículo
Discover huge page size,"What is the best way to discover the huge page size(s) available on a system? I'd like to know the alignment so that works properly. suggests two ways: Parse , scanning for the line Parse the sub-directory names in Is awkward string parsing truly the only way to determine this or am I missing an interface such as a option?",Pregunta
Handling locks for multi thread ds in rust,I have a complex nested struct which should handle high read/write via multi threads. MRE: is the parent struct with multiple fields and nested structs.Will use and interior mutability to mut fields of . I am moving into issues with nested locks and mutability. I want to use single (non nested) lock for struct but handle its mutation inside its block. A weird solution would be mutating fields inside impl itself. Something like this - Other way would be wrapping everything with Rwlock. One more approach would be passing to . I am not sure how to deal with this. What would be an ideal solution while managing high read/write?,Pregunta
Set mainClass for sbt native packager Universal,"I have a project that has the following build.sbt: We have a CICD which runs a Dockerfile. There I have as one of the steps, which will execute class to run a Scala class and do the pre requisites for the pipeline. As one of the last sbt based steps, I'm also running , which eventually runs an command. At this point, inside the extracted ZIP's bin folder, I see two BAT files corresponding to the two main classes. Unfortunately I only want the Runner class BAT instead of Pipeline BAT. For this I tried running but that failed saying Is there a way I can specify the mainClass only for this Universal plugin somehow? Because the way I've tried",Pregunta
How to use okio deflate/infate,"Im trying to make a simple test using okio 3.12.0 for deflate and inflate, for use in KMP. The following does not work: Output is The following JVM code works when you substitute encodeJ() for encode() above: What am I doing wrong?",Pregunta
Normalizing large free text input data,"Here is the case, i have data coming from free text input source, it is related to the degree and education level of the users There are many typos, many crazy stuff going on in the data, there are over 10m records, the data could be anything from typos, some their industry, some have their GPA, some even their tech stack, some data coming in English, some in Spanish I want to categorize the data by adding a new column with the official degree name to each line This is sample data The goal output is:",Pregunta
Python Asyncio: Timed out during opening handshake,"I keep getting a timeout error which I can't currently explain. I'm new to networking in Python, but I can create and interact with example websocket code. For some reason the code below hits a TimeOutError every time I try to connect. For reference AIS Stream is a shipping data feed, and I'm expecting to get a response on all ships near the Buenos Aires and San Fran ports. Has anyone else experienced this/ does anyone know why this is happening? Trying to connect to WebSocket...",Pregunta
How to Approach Image Registration with Poor Features and Variable Exposure/Noise,"I have been trying to create an image registration script to align measurement tools (phantoms) seen in x-ray images across different x-ray detectors. The fixed image will always be larger, and the moving image to be registered is a known, constant template. The goal of registration is to use the transform of the registered template to precisely know the location of measurable points of the phantom on the larger moving image. The image pair will have varying levels of significant noise (Gaussian and Poisson Noise), and the phantom may be of a different size (due to different xray detector resolutions), position, and rotation. As such I am looking to align with a similarity transform (rotation, scale, translation). Current Solution There",Pregunta
Applying Hedges g correction to Cohens d SMC Meta Analyses,"I have used escalc SMCC for a meta-analysis in r where I am trying to calculate standardised mean change between pre-and post intervention studies / within subject designs. I believe the output of this is Cohens d. Due to the small sample size of studies included I want to apply Hedges' correction formula to this to get Hedges' g, but I cannot find a reference for the correction formula for within subject studies online. There seems to be a hedges g function in r but I can't figure out how to apply this to the outcome of my MA - do i just apply this straight to res_g (name of random effects MA)? Is it better to try and apply",Pregunta
"SSL Error in NextJS 13 App when running in Docker, but not when running directly","When attempting to run a Golang backend and NextJS 13 frontend app with Docker, getting a SSL_ERROR_RX_RECORD_TOO_LONG error, despite the app functioning well with HTTPS and self-signed certificates on a local machine without dockerizing. With docker on https://127.0.0.1:3000/ I get an error With http : http://127.0.0.1:3000/ frontend part will run, but not connecting with backend and giving a server error while backend is still running on https and works as needed in docker. I've been struggling for a few days now, and any assistance or guidance to help resolve the issue would be greatly appreciated. Thanks in advance :) my docker compose file: frontend.dockerfile backend.dockerfile next.config.js",Pregunta
Star Wars Squadron Error → Game not starting on PC? Try this workaround.,"INTRO So if you are like me and enjoy buying video games around Christmas time, you might have come across the 40% sale of Star Wars Squadron on Steam. Like a good little capitalistic idiot I am, I purchased this game and install it. PROBLEM/RANT There is a bit of vulgarity in the next few paragraphs. #DealWithIt The problem I ran into was that everytime I tried to start the game I would get an error from the piece of shit anti-cheat software called Easy-Anti-Cheat (EAC). Since EA Games is the type of business that even the devil himself won’t deal with, they have zero ambition in getting rid of this horrific anti cheat software. This software is SO shitty,",Artículo
Problem calling vertexAI model creation in android app,"I want to add VertexAI from firebase to my Android project. I have an existing Firebase project where I have followed and completed all the steps to enable vertexAi. I have imported firebase dependencies: When even I call I get an error during runtime Yes its true, I have an other library, which is using so I have that included in my dependencies as well. I tried adding other ktor such as plugins, core ec... but always getting the same error. I have tried to remove the orher library and clean/build with just firebase and vertex and still getting the same error. When I run the vertex sample app it is working without any problem. I have tried to compare",Pregunta
Mixed Declaration Warning for Nested Rules,"I've created a mixin and am adding some breakpoints within it. I keep getting warnings, but when I opt in to the new behavior I still keep getting the warning. ""Deprecation Warning [mixed-decls]: Sass's behavior for declarations that appear after nested rules will be changing to match the behavior specified by CSS in an upcoming version. To keep the existing behavior, move the declaration above the nested rule. To opt into the new behavior, wrap the declaration in ."" Am I doing something wrong here?",Pregunta
Cross Compile Python Library for arm-linux-gnueabihf,"I have a project which creates an Python library based on C++ sources. I use cMake and swig for the project. I'm able to build them for x64 Linux, where I install a Python environment with pyenv . cMake finds the right Python version and is able to link my library to it. Now I try to setup the same for cross compiling to Python on armhf. Also here, I was able to install my build python environment. But when I try to cross compile Python for armhf, i get the error: My environments variables are: The configuration command which I used is: And when calling , the error shown above is returned. Is something wrong with my setup? Or",Pregunta
Training PyTorch on Cloud TPUs,PyTorch/XLA on TPU You have read PyTorch/XLA on TPU is GA now. Perhaps you have run through some example Colabs as well. But you want to understand how you can run your own PyTorch model on TPUs. You are in the right place. This article deconstructs a simple example in terms of key concepts. The goal is to equip you with necessary fundamentals to update your own training code to train on TPUs. Basic Concepts PyTorch/XLA introduces a new tensor abstraction called XLA Tensor. Any operation performed on XLA tensor is traced into an IR (Intermediate Representation) graph. In the simplest scenario the tracing continues until it encounters a `xm.mark_step()` call. At this stage the IR graph is converted into,Artículo
Using Context API in React with Functional Components,"Using Context API in React with Functional Components Photo by Andreas Gücklhorn on Unsplash In this article, We will learn about Context API in React and use it to build a very simple project. Prerequisite: This article assumes you have basic knowledge in JavaScript, and react, It is however not required to know them before you read. What is Context API in React? Context provides a way to pass data through the component tree without having to pass props down manually at every level. — react docs If you’ve used react for some time or have some level of experience with react, you will know that passing data via props becomes very cumbersome when the props are going to be",Artículo
Hashref assignment consumes next key instead of assigning undef,"I'm trying to initialize a hashref containing the results of several expressions. I would expect expressions that return undefined results to assign undef to the appropriate key. Instead, the assignment just gobbles up the next key as though the expression was never there to begin with. A quick example is probably easier to understand: I would expect the code above to print: Instead, I get the following: Adding an explicit undef to the assignment does get me the result I'm looking for: However, this seems a little counterintuitive to me. Can anybody explain this behavior?",Pregunta
TypeScript Error with shadcn/ui Button Component in React 19,"TypeScript Error with shadcn/ui Button Component in React 19 Problem I'm getting a TypeScript error after generating a Button component using . The error occurs with the latest React 19 despite using the canary version of shadcn-ui. Error Message Generated Code This is the code generated by shadcn-ui using: Environment React: 19.0.0 TypeScript: 5.7.3 @radix-ui/react-slot: 1.1.2 Vite: 6.1.0 shadcn/ui: canary version Package Manager: pnpm package.json TypeScript Configuration tsconfig.json tsconfig.node.json vite.config.ts Question How can I fix the TypeScript error that occurs when using the shadcn/ui Button component with React 19? The component was generated using , but seems to have compatibility issues with React 19's type system. What I've Tried Using the canary version of shadcn-ui which should have React 19",Pregunta
Is there a configuration-free way to distribute a private go CLI?,I have a CLI written with go within a private repository in an organization at Github. I want to distribute this CLI to other developers who have access to this repository. I tried using goreleaser with a brew tap but it required extra configurations both for Formulas and for users to add their github token via . I want to know if there is a better way.,Pregunta
The function contour has different outputs in Scilab than in MATLAB?,"I'm trying to convert this Matlab code to Scilab, but I have some problems. I get an error for this line: [C, h] = contour(X, Y, Z); Wrong number of output arguments. What should I change to fix it? Are there also any other errors in the code ?",Pregunta
How to count joined errors in Go 1.20?,"As far I understand, is a out-of-the-box replacement for multi-error collection types like hashicorp/multierror that collects errors that occur side-by-side. This question does not address regular error wrapping/unwrapping. While I am replacing production code, some tests fail while trying to count the joined errors. Both number and type of error is important to manage the business case. This worked with hashicorp/multierror because a certain string will be generated, something like . How can I count the number of errors once I used ? I cannot find a method to inspect the nature of the error slice inside the joined error, and inspecting said error slice itself is impossible because it is private. Using might be a way though all I",Pregunta
Best Logo Design and Web design services providers:,"LOGO DESIGNING The Logo is not just a symbol but an effective branding or marketing tool comprising of the two major elements, images and text that represent the brand’s message. It helps your target audience comprehend and perceive your brand’s mission, vision, and the brand strategy altogether. Basically, your logo should be simple and impactful as it is the first impression that defines your brand’s credibility. An impressive and unforgettable logo contains a brand mark depending on the logotype with a punchy or noticeable tagline. Uniqueness is key A company should always seek out extraordinary and unique logo designs that help them stand out in the market. The detailed research about your competitor’s logo designs can be a basic step",Artículo
Keyboard Avoidance Issue in SwiftUI Sheet View,"I am working on a chat view and trying to override keyboard avoidance. As it is, when I tap on the to enter a comment, the entire view gets pushed upward, instead of just the textfield itself with the keyboard popping up below it. The chat view is presented via with a presentationDetent of 0.8. I have tried using after embedding the view in a GeometryReader and a ZStack but to no avail. I've also tried separating the components into different views. Here is the relevant code: What should I do in order to have the keyboard avoidance be removed so that when I tap on the TextField, it'll be like Instagram's comment section for example where the textfield moves",Pregunta
What is Tableau?,"Tableau was founded in January 2003. It was an academic spin-off by Christian Chabot, Pat Hanrahan and Chris Stolte where they took an idea from an academic paper they had been working on. It was a simple idea and it was ‘What if you had a tool that allowed you to view your business data in a visual way?’ At that time, Microsoft Excel already existed and allowed you to make charts, tables, and graphs so what would be different about Tableau? The entire vision around Tableau was to focus on one thing and that was visual analysis. The typical workflow in every business that collects data has all of their data stored in a database. A small business might",Artículo
How to alter the timezone of a Time in Ruby?,"Suppose I have a Time object with a timezone (say, UTC). I want to reset the timezone to an arbitrary one (aka, not your local timezone) without altering any other parameters of the Time like ""hour"". Ruby as of Version 3.3 doesn't seem to provide any single method to do it (cf., Official doc of Time and Stackoverflow answers ). How can I achieve this, then? I note that for the DateTime class, the method (seemingly) works as in this answer [ Edit : it is a Rails method ]. However, DateTime class is considered deprecated. Use Time class. as in Ruby 3 and so I want to know how to do it with Time class. I also note that",Pregunta
How can I improve the execution speed of my script,"I have a file containing about 15 million records. Below is a sample of the data I am using the below script to count the occurrence of lines matching certain conditions. The problem is this script is very slow. I get about 200 output lines in a day. Currently, my program will read the 15 million record file 36,000 times. This is very inefficient (slow!!). How can I rework my script to just read the very large file just one time? Desired output The IDs_file file contains about 3000 records each a 4 digit number",Pregunta
What is a Promise?,"Have you ever tried to set the results of a fetch to a variable, but once you run your code the variable does not contain any data you hoped to get back? If you log your variable to the console or check it in a debugger, you may notice your variable’s value is an object called Promise. What exactly is this object? Per the MDN Web Docs, a “ Promise object represents the eventual completion (or failure) of an asynchronous operation and its resulting value.” The Promise object can have three states: pending, fulfilled, and rejected. The Promise will start in the pending state when it is created, and will eventually change to fulfilled or rejected depending on the result",Artículo
Import repository in a custom attribute class in ASP.NET Core,"To avoid duplicate telephone number entries to the database, the following custom validation attribute has been designed, but for some reason, the calling class cannot read the . While trying to use this custom attribute in a like: On line of code, I get the following error: CS7036: There is no argument given that corresponds to the required parameter 'jobRepository' of 'TelephoneAttribute.TelephoneAttribute(IJobRepository)' Please guide. Thanks",Pregunta
Tarsplit: A Utility to Split Tarballs Into Multiple Parts,"Tarsplit is a utility I wrote which can split UNIX tarfiles into multiple parts while keeping files in the tarballs intact. I specifically wrote those because other ways I found of splitting up tarballs didn’t keep the individual files intact, which would not play nice with Docker. But what does Docker have to do with tar? “Good tea. Nice house.” While building the Docker images for my Splunk Lab project, I noticed that one of the layers was something like a Gigabyte in size! While Docker can handle large layers, the issue become one of time it takes to push or pull an image. Docker does validation on each layer as it’s received, and the validation of a 1 GB",Artículo
Easy Initializers #XcodeExplore,We can create initializer in 2 steps instead of writing all those boring repeated codes: click on class name + cmd 2. Click on Generate Memberwise Initializer and here we have it: Xcode is smart enough to differentiate between stored and computed properties. While writing unit tests for Codables this is very handy and saves time. have fun ;),Artículo
Provide a custom URL to decrypt with KMS,I'm using KMS to encrypt / decrypt data using . I would like to use be able to provide the URL of a custom server to contact for testing purpose. But can't find how to provide this URL using this API. Is it doable ? Here is the current code I use to encrypt/decrypt.,Pregunta
Service mindset,Thought it will be worthwhile revisiting it based on several discussions earlier this week. Cloud/SaaS focus is more about the second ‘S’ in SaaS that stand for ‘Service’ over first ‘S’ — Software. It is the ‘Service’ aspect that differentiate SaaS with traditional Software product approaches — particularly in the enterprise space. There are various ways to architect and deliver Software across various different computing Platforms — traditional and/or Cloud. So what define a ‘Service’ mindset. Here are some aspect that make a Service different from traditional product: Know how customer are using the product automatically. Through software can you proactively advise customers for effective use of the solution addressing their problem Continuously deliver new commercial value to customers that,Artículo
9 simple tips to work faster in the Linux command line,"9 simple tips to work faster in the Linux command line Simple Linux tips to save 50% of your time in the command line and terminals Have you ever been amazed to see someone working very fast in UNIX terminal, firing commands, and doing things quickly? Yes, I have seen that a couple of times and It has always inspired me inspired to learn from those superstar developers. In this article, or tutorial, or whatever you call it, I have shared some UNIX command practices I follow to work fast, quick, productive, or efficiently in Linux. I work for the Financial services industry, and my work involves the development and support of online stock and futures trading applications in Electronic",Artículo
CONFIGURATION OF APACHE WEBSERVER IN DOCKER USING ANSIBLE,Goal: 🔰Write an Ansible PlayBook that does the following operations in the managed nodes: 🔹 Configure Docker 🔹 Start and enable Docker services 🔹 Pull the httpd server image from the Docker Hub 🔹 Run the docker container and expose it to the public 🔹 Copy the html code in /var/www/html directory and start the web server Before writing the play-book write down all the steps which we are going to perform using ansible STEPS 1: Create a docker repository = https://download.docker.com/linux/centos/7/x86_64/stable 2: Download the docker package = docker-ce-18.09.1–3.el7.x86_64 3: Start and enable the docker services 4: Install docker SDK (pre-requisite for downloading image) 5: Pull the httpd image 6: Create directory = /ws 7: Copy html page = /ws/,Artículo
Pass CKAD (Certified Kubernetes Application Developer) with a Score of 97!,"Pass CKAD (Certified Kubernetes Application Developer) with a Score of 97! Study Guide and Tips Photo by Razvan Chisu on Unsplash Earlier this month I’ve passed the CKAD (Certified Kubernetes Application Developer)Exam. It is an exam that certifies the attendees’ ability to design, build, configure, and expose cloud-native applications for Kubernetes. What you need to do is to score a passing grade (66%) on a 2-hour online, proctored performance-based exam. The exam consists of a set of performance-based items (problems) to be solved in a command line, running Kubernetes. You take the test online with a proctor watching you (You cannot see the proctor’s face, you just communicate with the proctor using the chat box provided). So make sure your",Artículo
Map Two Arrays Into One,"I've the following array: Another array is pretty complex as follows: So what I want is to merge the two arrays into one as follows: I know, the relationship doesn't look appropriate but this is what I've now. Any way to map them? I tried the following but it returns null for both include and exclude object:",Pregunta
Annotate faceted ggplot2 plot only if coordinates are part of the facet data,"I want to create a faceted plot, add vertical line using and also label it using . For the x-axis of the plot I want to keep the scales of the facet free and only show the dates present in the data of the respective groups of the dataframe. When faceting and using only ggplot behaves and does not render the vertical line in the facet where the date is not shown, but when I include the annotation ggplot seems to expand the x-axis of that facet to just include the coordinate used in the . Do you know a way how to avoid this and only render the annotation in the facets where the coordinate is really included in",Pregunta
Should plt.ion() eliminate the need for plt.show()?,"I was using 's Tk back end on Spyder and never had to issue (or more specifically, ). I now have to prepare for analysis work on a closed system where the only access to Python is via QGIS. From much Googling, my impression is that the Qt back end is foundational to QGIS. This corroborates with the fact that yields the message: ImportError: Cannot load backend 'TkAgg' which requires the 'tk' interactive framework, as 'qt' is currently running I sought other ways to avoid the constant need to repeatedly type . The ion() method provides an example, from which it seems that (say) should create a figure window immediately. It doesn't. Even issuing doesn't make the figure window appear.",Pregunta
This One Skill Can Supercharge Your Software Career,"This One Skill Can Supercharge Your Software Career Photo by Dimitar Belchev on Unsplash. In 2017, our team was going through the initial phases of the historic Dell-EMC merger. We had to present the existing Dell processes to the EMC business and vice versa. My task was to explain how Dell handles warranties internally. The room was filled with more than 50 business people from both companies. There were many more attendees on the conference call from all over the globe. Even though I have become confident when presenting to senior leadership, this was still challenging for me. The presentation went exceptionally well. The rapport established that day helped our team work closely with the business for the next two",Artículo
Why does EVP_PKEY_derive_set_peer cause a segmentation fault when using a peer public key reconstructed from BIGNUM in OpenSSL 3?,"I'm using OpenSSL 3.0 in C to perform Diffie-Hellman key exchange. I generate Alice's and Bob's key pairs. I extract Bob's public key as a and try to reconstruct an for Bob's public key using only the public key . When I call with Alice's private key and the reconstructed Bob public key, I get a segmentation fault. What am I missing when reconstructing the peer's public key from for use in ? Any help is appreciated! Here’s the relevant code:",Pregunta
Math.sign() not existing on Math despite lib target set to es2016,"I'm in the process of migrating my JS codebase to TS. It uses the method . However, the compiler gives this error- Which it shouldn't give since my target version is ""es2016"", and this was added in ""es2015"" This is my tsconfig file currently, so I don't understand why this is happening and how to resolve this issue-",Pregunta
Snowflake to return all records from duplicate values,"Experts, I have the query below, which returns all duplicate values from Object 1 on Table 1 and adds all other relevant records that come with it. However I want to add another criteria, I want to return only the values where AM.Obj2 is different among each Obj1 as in the example below Obj1 Obj2 Obj3 Obj4 A X 1 1 A Y 1 1 If in the table above, in both records Obj2 were to be either XX or YY it should be filtered out, I tried creating another subquery and a separate count but I cant get the logic right, how could I achieve this? Thank you!",Pregunta
Towards a “write-only” repository…,"Just over a year ago and in a time when social interactions were much more frequent and much more personal I participated with members of my caving club on a trip to central Pennsylvania. The day was long and our adventure was a lot of fun (have you ever traveled down an underground river in a leaky aluminum row boat?). After our long day’s adventure, fatigue set in and the conversation waned on our ride home to the Philadelphia suburbs. As I gazed at the scenery sliding past our vehicle and as I became one with the soft red glow of the early evening, I mused about the concept of write-only storage and laughed out loud… What the heck is",Artículo
Request failed with status code 500 while making authorization,"Good evening everyone, hope this message finds you well! Wondering if there's any changes need to be done to the following lines of code as it's returning the following exceptions(provided in output section). Your support is highly appreciated. Output: Tried the following multiple options to resolve the issue. But no luck favoured. Your guidance is highly appreciated. Option1: changed in Option2: obsrevations: Tried the following to resolve the issue. But no luck favoured: Output:",Pregunta
"Close Your Ports — Implicit Deny. There are 65,535 ports on your computer…","Photo by Jordan Harrison on Unsplash There are 65,535 ports on your computer assuming you are only connected to one network at a time. That’s a lot of ports and this article is going to be a little more advanced than the previous articles. Your computer and router depend on ports to appropriately flow data from your devices, through the internet, and to their intended target and purpose. The Security+ exam focuses on a couple dozen ports that are the most common and most critical to know. While there are thousands of ports on your computer, you only need a few to do the most common things you do on the internet. The most common ports are 80 and 443.",Artículo
Is there a way to provide a derived implementation for traits that have a specific associated type?,"I'm trying to write a blanket implementation of a trait for types that are another trait with a specific associated type. That is, it is fully permissible to do this: This will compile, and will print However, if I uncomment the impl for the i16 associated type, this results in the compile time error: I don't understand why this is not permitted, given that there can only ever be one implementation of a trait with an associated type. In other words, because this is a compile time error shouldn't it be the case that the above implementations are allowed? Is there a way to accomplish this with associated types? Perhaps this does not work because the compiler is unable to",Pregunta
The wrong way to scale up Cassandra DB when secondary indexes are in place,"The wrong way to scale up Cassandra DB when secondary indexes are in place Marcus Cavalcanti Sep 24, 2019·6 min read Cassandra is my favorite (not managed) database for many reasons: it doesn’t have a single point of failure (SPoF), supports multi-region, good for read and write ops, flexible about read and write consistency levels, scales linearly and not too complex to manage for day-to-day operations. Like every database, you should use Cassandra based on your data access patterns, so if you need a flexible database for ad-hoc queries or adaptable enough for constantly database model changes, you should consider other options. Cassandra is a column-oriented DB and it’s really powerful when you have your data queries already defined. Datastax,",Artículo
Embedding Tableau in Streamlit,"Embedding Tableau in Streamlit Image by Markus Spiske on Unsplash As 2020 draws to its ends (hopefully along with its chaos), I took a step back to reminisce about all the tools/skills I have picked up this year and all the tools I really didn’t use so much this year. One tool I really didn’t use so much is Tableau. Tableau is a powerful data visualization tool that creates visually-appealing dashboards. I decided to find a dataset to analyze and visualize on Tableau. One tool that I picked up this year and I have used quite frequently is Streamlit. Streamlit is such an awesome tool for data scientists. Instead of visualizing data on Tableau alone, I decided to embed the",Artículo
Exoplayer in Audio Streaming Android App | exoplayer playing multiple audios from streaming url,"This is my Fragment code being hosted on MainActivity: The player is working fine when i use it on this fragment, my condition is that when i play the audio and navigate to another fragment it should keep playing, when i return back if it is playing then show the playing UI if it was stopped by me, then show the stopped UI. But right now, what's happening is that when i navigate to another fragment and return back, it shows the relevant UI if playing then playing if paused then paused, but when i return from other fragment and try to stop the audio, it changes the UI by changing the button and gif, but audio does not stop,",Pregunta
How can I reference a lambda layer from a lambda function in C# dotnet?,"Here is my lambda function: Here is my layer: Here is my stack code, ./layer-package is being created in CD: Here is my deploy code where I package my layer (CD): Here is the error I'm getting when I try executing the lambda All my DLLs are being sent to the layer correctly, apparently. If I try looking for visible repos in my lambda functions, I can see opt/bin/shared.dll but the runtime can't find it. Any ideas on how I can make this shared.dll from the layer folder be correctly loaded?",Pregunta
Configure Docker using Ansible,I completed Task1 of ansible training given by World Record Holder Mr. Vimal Daga Sir at LinuxWorld Informatics Ltd Pvt. Problem Statements ❗ Ansible Task 1❗ Write an Ansible PlayBook that does the following operations in the managed nodes: 🔹 Configure Docker 🔹 Start and enable Docker services 🔹 Pull the httpd server image from the Docker Hub 🔹 Run the httpd container and expose it to the public 🔹 Copy the html code in /var/www/html directory and start the web server Additional task for DevOps AL and Hybrid Multi Cloud trainees: 🔹 Configure a Kubernetes Cluster having master and slave nodes 🔹 Do the above implementation as Deployment in the Kubernetes Cluster Prerequisites Ansible installed at Controller Node Connectivity,Artículo
Why doesn't opacity work with a sheet view?,I've prepared some sample code for a problem where I can't achieve a flash effect (changing opacity from 1 to 0 and back) in a sheet view. This issue is also visible on the screen. Does anyone know why this happens and how to achieve the same effect as the flashButton in SwiftUI? Video:,Pregunta
Gradle Remote Cache with Redis and Circle CI,"I would say Remote Cache is one of the top features to optimize the build speed across the Development Team using Gradle as Build System. Today, we have different solutions and resources helping to create, manage and implement Remote Caching. Gradle Enterprise Build Cache is the most powerful solution, offering a remote and replicated cache, we are using it at Tinder and we are thrilled with the results in a distributed team. There are other solutions like Remote Cache in AWS S3 (here and here), or you can implement in your custom infrastructure with the official Docker image for a remote Node. For targeting specific caching systems like Redis, you also have different plugins (here and here). And from the",Artículo
Freehand Drawing in Angular,"Freehand Drawing in Angular I wanted to something fun for the holiday season, so I decided to port a variable-width stroke from the Flex Freehand Drawing Library I created back in the early 2010’s. This stroke actually has a venerable history, going back to about 1983, as an exercise I was assigned as a teaching assistant for a graduate course in computational geometry. The instructor’s company recently obtained a very expensive tablet. This system allowed users to scan or load drawings already in electronic form into a display and annotate them with hand-drawn notes using a fixed-width stroke. The instructor had an idea for a variable-width (speed-dependent) stroke that would be the basis for a number of lab exercises. My",Artículo
Why Switch to Alibaba Cloud? Seven Excellent Reasons from Our Customers,"To hear more from our customers and access exclusive use cases about leveraging the cloud, download Best Practices of Cloud Adoption in Indonesia whitepaper today. Cloud adoption rates are soaring as organizations continue to develop and launch new digital initiatives. But how can you find the right cloud provider for your business? In this post, we introduce some of our customers based in Indonesia, each of which has recently migrated to Alibaba Cloud to find digital success. Here are the reasons they worked (and continue to work) with us. Reason #1: A Cost-Effective Solution International airline Garuda Indonesia currently operates 202 aircraft and more than 600 flights every day. The company realized cost savings of more than 60% when it",Artículo
‘Like Being Grilled Alive’: The Fear of Living With a Hackable Heart,"The first cardiac device I had was a pacemaker, implanted when I was nine years old. Though pacemakers and ICDs have overlapping patient demographics and are sometimes bundled in the same device, they have drastically different functions. Pacemakers help a patient’s normal heart rhythm cycle, while ICDs are tiny defibrillators meant to terminate dangerous arrhythmias and prevent cardiac arrest. In everyday life, defibrillators wait in hospitals and public spaces (gyms, churches, movie theaters) for disaster to strike — they are tools you seek out in an emergency. But an ICD brings the emergency response to you. It is watchful, an active listener. I think of a pacemaker as a heartbeat assistant; an ICD is an arrhythmia assassin. For as long",Artículo
Stack Overflow Question Tagger,"Background I won’t be lying if I assert that every developer/engineer/student has used the website Stack Overflow more than once in their journey. Widely considered as one of the largest and more trusted website for developers to learn and share their knowledge, the website presently hosts in excess of 10,000,000 questions. In this post, we try to predict the question tag based on the question text asked on the website. The most common tags on the website include Java, JavaScript, C#, PHP, Android amongst others. Proper prediction of the tags is important to ensure that the questions are suggested to users having substantial experience in answers related to the topic suggested. Data The data was collected from the Keyword Extraction",Artículo
Let’s Not Talk About Accessibility but Inclusivity,"Let’s Not Talk About Accessibility but Inclusivity Designing for everyone Photo by Tim Mossholder on Unsplash Inclusivity Versus Accessibility Versus Diversity As a UX designer, I’ve faced a lot of projects where the client particularly asks “to be accessible.” When using the word “accessibility” in our industry we normally mean that our products have to be accessible for those with disabilities, and as designers, we should make sure that everyone can access and enjoy our products. When accessibility just includes this group of people, we are leaving many others out of our range. That’s the reason why I prefer to use the word “inclusivity” instead of accessibility. In the context of product design, inclusivity means making our products the most",Artículo
Ad Fatigue in Mobile Game Ads: How to Prevent and Avoid It,"Your ad campaigns were performing really well. You managed to get a ton of game installs at a really low cost. And then, all of a sudden, the numbers collapsed? If this is the case, your mobile game audience might be facing ad fatigue. And it happens to everyone. Luckily, there are ways to save your user acquisition campaigns. In this article, we will cover what ad fatigue is, how to recognize it, and what mobile game advertisers do to fight it. You will learn all about the importance of creatives and creative testing in acquiring mobile game users. Defining Ad Fatigue Ad fatigue is what happens when your target audience sees your ads so frequently, they lose interest and",Artículo
CodeIgniter 4 session data has been lost inside a if condition after redirect,"Flow: User fills a form with an email and gets a passcode. I generate and store this passcode (checksum_code) in the session using session()->set(...). Then I redirect() the user to a verification page. On that page, I match the submitted OTP with the value from the session. Issue : Even though I can see the session is set correctly in the GET request after redirect, when I submit the POST request to verify, the comparison fails and I always get an ""Invalid passcode"" error - even when the entered code is correct. Plus outside the if condition i do get the sessions but when the if condition passes the session displays null when i tried to print using dd(). Route",Pregunta
Functional JavaScript — Partial Application and Composition,"Photo by Adi Goldstein on Unsplash JavaScript is partly a functional language. To learn JavaScript, we got to learn the functional parts of JavaScript. In this article, we’ll look at how to use partial application and composition of functions with JavaScript. Partial Application Partial application is where we only apply some of the arguments that are expected in a function. For example, if we have a function with 3 parameters: const add = (x, y, z) => x + y + z; Then we can create a function that has the add function with arguments partially applied by writing: const add1 = (y, z) => add(1, y, z); Then we can use it by writing: const sum = add1(2, 3);",Artículo
Why is Java so popular in commercial development?,"Java has been one of the most common programming languages since it was created. It’s estimated that somewhere around 3 billion devices worldwide run on Java. Since its launch, Java has blossomed into one of the top five preferred languages for software developers for many different types of development. As a programming language, Java is as relevant today as it ever has been, unlike many other programming languages, which have seen their importance and usability diminish as technology has evolved over time. In defiance of this, Java continues to improve and grow stronger with every upgrade that is released. As a result of this, Java has a reputation as a `serious` programming language that won’t simply disappear next year, or",Artículo
Prototyping APIs in WSO2 API Manager with Mock Response Payload Generation,"This article is an informative step by step introduction and guide on how to prototype APIs in WSO2 API Manager with the help of mock response payload generation for writing inline scripts. What is API Prototyping? This is the process through which an API publisher can deploy a mock up version that can be used to test a concept and allow consumers to test, try out and provide feedback in order to make requested changes and improvements to APIs. This allows publishers to gain as many practical insights as possible while saving up on resources such as time and effort. How does a prototype API work? A prototype API behaves similar to the original API but lacks functional and non-functional",Artículo
Apache Kafka Producer/Consumer Spring Boot Implementation,"Apache Kafka Producer/Consumer Spring Boot Implementation Creating a simple producer and consumer using spring boot This article assumes that you have prior knowledge on what is Apache Kafka and spinning up a multi-node cluster. If not, please read the official documentation here. In this article, we’ll be going through a set of simple steps of creating a producer application and a consumer application, while keeping the broiler plate code at a minimum. Setup 2 node Kafka cluster topic : topic.message, partitions : 2, replication-factor : 2 1 producer, 2 consumers Getting Started Let's start by creating 2 spring boot applications for producer and consumer. You can use Spring initializr to create the projects and then add the below dependency to",Artículo
Spread Love !!! Spread Peace !!! with (…Spread) Operator in JavaScript,"With greater power comes even greater responsibilities Over the last few years, there has been a massive transition of programmers who switched to JavaScript from other programming languages and the best part is JavaScript did not disappoint and kept on evolving. JavaScript has massively improved its syntax and functionality with additional features over the last few years. With ES6, JavaScript introduced a bunch of features and one of them is the Spread Operator aka … Operator. Confused with the three dots ??? Yes that’s what Spread Operator looks like Let’s take a look at what Spread Operator does. Photo by Amy Shamblen on Unsplash MDN Definition: Spread syntax ( ... ) allows an iterable such as an array expression or",Artículo
Authentication and Authorization in Microservices,"When I started working on the transformation project from Monolith to Microservice, the challenge I faced was how to authenticate users on a distributed microservice framework.All you need to know is who the users are, right?And do your micro service know what they can do? When you make a request to a Micro Service, how does microservice know who you are and whether to accept this request or not. In this post we will try to understand how to authenticate and authorize requests we make to Micro Services. First let’s try to understand what is Authentication and Authorization. Authentication is all about who you are. Consider Online shopping scenario, that if you wish to see all orders, then the micro",Artículo
Get Your Git in Order,"Git is essential part of any developer’s life(unless you are using a different Version Control System). It makes our life and work(especially when you are working with others) so much simpler and efficient but to new developers it could be extremely difficult and troublesome. I have learned few lessons on Git best practices the hard way and here are some of the lessons I have learned. 1. Please, PLEASE hide your API This one is a no brainer, yet if you have couple of sleepless nights coding or get caught up in fixing a bug for several hours, you might just forget it too. That’s what happened to me. At that point, I had already heard of many horrors stories",Artículo
How to compile a custom kernel and have the headers and sources be installed in the correct place?,"So, I have configured a kernel, and installed it by using and Now, I want to compile out-of-tree kernel modules but obviously the package doesn't exist because it is a custom kernel. So, I want the kernel source and the header files and all to be properly installed in the right place so that I will be able to compile the kernel. How do I make that happen?",Pregunta
What is the difference between global variable and object declaration within the same module,I have tried to find information on this topic without luck. What is the difference between these two declarations. The way I understand it there is no difference. As a global variable the eventLog will be instantiated once and will act as a singleton. As an Object declaration it will again be instantiated once and act as singleton.,Pregunta
Swift 3.0 Google Maps API,On the journey to become a better iOS developer one undoubtedly will have to use an API or Application Program Interface. The one being used today is the Google Maps API which basically allows a developer incorporate Google Maps service into their application. It saves the hassle of one having to develop an entirely new maps system. This will be a guide teaching one how to add Google Maps to their Swift 3 iOS project. Step 1: Install the Google Maps Software Development Kit (SDK) This part will be done using the Swift and Objective-C open source dependency manager CocoaPods. First one will need to install CocoaPods on their macOS if it is not already installed. To check if CocoaPods,Artículo
Pass a string concatenation to a macro,"I'm trying to generate an enum type at compile-time, based on a json file. Following guides like https://developerlife.com/2022/03/30/rust-proc-macro/ I made this : An external crate my_macros since proc_macros should apparently be in an external crate, in which I have : It works well if the user gives a pure literal string to the macro like : But it would very practical if the user could point to its own development folder (for example) like : However, due to the evaluation order of macros I have the error ""expected a string literal"" if I try this. It's frustrating because I've done most of the work (and I wouldn't have thought that something as powerful as generating type could work so easily!)",Pregunta
The Ashes 2021/22 — Analyzing the Current State of English Test Batting,"Doubts continue to be raised about Joe Root’s future as England Test captain and understandably so but there is a deeper problem that needs to be addressed first. The Problem 2–0 down in the Ashes and barring one of the greatest turnarounds in cricket history, the Urn will remain in Australia. England’s batting has been under the radar after recent batting collapses but data suggests that the decline started much earlier. Here is a look at Joe Root’s Test batting average over time. To get a better understanding of how reliant England are on him, we compare his numbers with the other batsmen in the top 7 that he has batted with throughout his career. As we can see, there",Artículo
Top n Window Function queries in MySQL,"Self-Promotion: If you enjoy the content written here, by all means, share this blog and your favorite post(s) with others who may benefit from or like it as well. Since coffee is my favorite drink, you can even buy me one if you would like! Here is the description of the target table I am working with for this blog post. If you have read any of my other posts, you may recognize this table as I tend to use it widely for example queries. The ‘walking_stats’ table stores my personal walking data, that I track while working on my fitness and to maintain a healthier weight: There are just over 400 rows of data in the table ‘walking_stats’: Top",Artículo
10 Most Amazing Use Cases of WebSockets — Go Real-time!!,"In today’s world consumers expect their apps to be faster and want things done in real-time by the touch of their finger on a smartphone or a smartwatch. Whether playing a game, interacting with colleagues at work, socializing with friends and family or even shopping online. Users expect to see things on their screen instantly and hence an application’s real-time nature plays a great role in building better user engagement and it’s a success. Also, never ever before there has been a greater need for IoT Applications where in devices talk to each other in Real-Time. And the world is seeing a change with the emergence of IoT based consumer products. Scalable real-time delivery of artificial intelligence is another area",Artículo
SwiftUI frame height not being updated with ActiveLabel,"I have a swiftUI view using UIViewRepresentable to show an ActiveLabel I have a .frame() modifier on that ActiveLabel which has a height which is reflected by a @State variable. When this height is updated the frame height does not always seem to update. Am I doing anything obvious wrong. Here is a simplified version of my setup, let me know if if it would be usefl to include more of my solution. Here is the ActiveLabelWrapper: This code seems to work most of the time when using the ios simulator (not all the time) but when I open the app on my physical device the height is not updated once the ActiveLabel text is created, instead it shows only",Pregunta
SQL: Finding out if an event happened before or after another event,"I have two tables like this: And the other table I want to write a SQL queries to answer the following question: Customers that received a type_yy on a certain date, even though they already had xx of the same type prior to that date E.g. John, A: XX happened before YY John, B: YY happened before XX Sara : not applicable (only appears in one table) Julie, A: XX happened before YY Julie, B: XX happened after YY Tom: not applicable (only appears in one table) The final result should be table YY with an extra column indicating if for each (name, type), whether XX happened before YY or if XX happened after YY. Is it possible to do",Pregunta
How to add debug information for NASM functions? From C header file?,"I have function which is used by inclusion of header and linking with the implementation staticaly: main.c: foo.h: build: And two different implementations: one in C, and one in Assembly language. foo.c: foo.asm: I want to debug my function using gdb, to do so I need to add the debugging information while compiling: When I am in gdb I can view the implementation of the function foo, but when I use the C implementation gdb hints me the prototype of the function foo and can I call it like this: But with Assembly language implementation I should call it like this: How can I use the header to generate the debugging information about the prototype of the function, and how",Pregunta
Mastering React Functional Components with Recompose,"Disclaimer: this is not an introduction to React, and some familiarity with React is required. For an introduction to React, check my other article: React.js: a better introduction to the most powerful UI library ever created. Over the years I came to a realization that the only proper way to develop high-quality React applications is by writing stateless functional components. In this article, I will give a brief introduction of functional components, and of higher-order components. After that, we’ll dive right in into refactoring a bloated React component into a clean and elegant solution consisting of multiple composable higher-order components. Photo by Dean Pugh on Unsplash Introduction to Functional Components Functional Components are called so because they literally areplain JavaScript",Artículo
Google License API Manager: 503 'backendError',"Currently getting this error: Only occurs when trying to assign a user the Google Workspace Archived User license assignment. If I try to assign the user an active license, the code executes flawlessly without error (especially the 503 - 'backendError'). I am attempting to revoke a users active license and then assign them a new archive license automatically. Is this a google issue or is there a error within my code-block? I've tried sending the productId and skuId as both strings and integers in the http call. Still receive the 503 error when trying to assign users an archive license. Wondering if it's an internal Google issue or whether there is a configuration I am missing in my environment.",Pregunta
Some useful Postgres Functions & Clauses,"PostgreSQL (or Postgres) is one of the most advanced and powerful object-relational databases out there. Postgres can handle big tables with a large number of rows easily. It’s been a couple of years since I started using PostgreSQL as the main database. One thing which is clear to me is that if you use Postgres wisely, it does much of the back-end work at the database level. Let’s look at some of the functions and clauses of Postgres which I personally find very useful. 1. SIMILAR TO Suppose you want to run a LIKE query, but you want to do it for multiple expressions. Consider the following query which will select all the companies which contain apple or google or",Artículo
"When using the printf function it ignores the variable and print ""-858993460""","I'm working on an exercises on using the % operator and printing the number of biljets used in a random number of money. So I start with asking the user for a number and then that number is converted to the different biljets and coins. The problem is when I print it the last variable that is called in the printf function gives ""-858993460"" instead of 1. If I check in the memory of that variable it does contain 1. Can someone help me with this? When I split up the printf in 2 different printf functions then it still happens but now it is at the end of the first printf function. I expect the number that is inside",Pregunta
Why does not exception handled by parent coroutine exception handler?,I test coroutineExceptionHandler. Here is my code. Result: I expect the exception handled by coroutineScope's handler named supervisor. Could you please explain why the exception handled by launch1 handler?,Pregunta
Blog App-Flutter with Firebase Auth,"Step 1: Create Firebase Project-App I will show some sample pictures that i have completed in creating Firebase project. https://youtu.be/6juww5Lmvgo. This link is how to create Firebase Project in Firebase Console. Step 2: Enable Auth In first view, you can see set of methods that are basically disabled by default so you may have to enable what kind of authentication you are going to use on your project. In this step, I am gonna use Email/Password SignIn-SignUp Methods. If you want to use google SignIn/SignUp method , you have to enable the Google SignIn. The Default Page, where all the Sign-in methods are disabled. Enabling the Sign-In method. If you want to use other methods, you have to enable that",Artículo
Bug in TSSRESTREND package in R,I am busy learning how to apply a Residual Trend analysis in R using the TSSRESTREND package and encountered a problem. I tried several of the examples provided in the package to get acquainted with the scripts but it always fails at a specific point and gives the error message below in R studio: The ACP.table and CTSR.VI was created in my opinion correctly in previous steps. I have installed and re-installed the latest version 3.2 and tried several examples provided in the package.,Pregunta
React Native: Security Of REST API with Firebase,"The vulnerability of using Rest API in mobile applications When the websites in the browser make a call to REST API, the server can identify and respond to the unauthorized calls very easily. There is a security mechanism developed in the HTTP called CORS (Cross-Origin Resource Sharing) policy which is responsible for the identification of any unauthorized access to the resources living in the backend server. This security feature makes sure that the request is coming from a trusted origin only. In other words, any website A cannot have access to the REST API of website B. And it totally makes sense when you have designed your backend to not be available as public API. But when it comes to",Artículo
Calender weeks with Oracle to_char function,in the calendar I see both 30th and 31st of Dec in years 2025 and 2026 fall in the same week but using the to_char function to create year-week field I will get different weeks We have orders in database with end_date 30-12-2025 and sometimes 31-12-2025. the issue could be that in another table there are some other data on week's bases like 2025-01 till 2025-53. If I want to join them it could happen that the order ending on 30-12-2025 will not join with 2025-53 but actually the date is week 53. Why is the behavior in Oracle such that? I cannot use ISO week because for year 2026 and 31st Dec it will be 2026-53 as expected but,Pregunta
How to use a dominant fill color in geom_col_pattern when 2 colors are used?,"In the following example, I want the ""#1E466E"" color to take about 90% of bar length. So, I tried using as ""right"" or ""left"" but that does not make any difference. Please guide me how I can make one color dominant. Currently, both colors seem to be taking 50% of the bar length.",Pregunta
Why Is Becoming a Self-Taught Developer Hard?,"Because we think that we don’t deserve to achieve something great It’s not your fault — it is just how we were program to think. There were selfish people in the past who made sure that our parents, grandparents, our society will remain below them, and that is where our educational system was designed making sure that we all end up working for them. That the only way to succeed is through universities and that the people who cannot afford should stay working at the lowest rate — and that asking for more is evil, ambitious, bad and this is why whenever we try to do something that is out of our society’s definition of normal becomes unusual that usually",Artículo
Android automatic SMS verification - Google’s SMS retriever API,"Now Let’s get into action Step 1 Importing necessary libraries Following are the mandatory libraries to integrate SMS Retriever API into your project. Step 2 (Optional) : Obtain the phone number through hint picker shown as below Retrieve the phone number in onActivityResult Step 3 : Start SMS Retriever After the user has submitted the phone number, we should initiate SMS retrieval task as shown below Step 4: Create broadcast receiver To receive the message from SMS Retriever API Register the receiver in manifest file with intent filter com.google.android.gms.auth.api.phone.SMS_RETRIEVED (the value of theSmsRetriever.SMS_RETRIEVED_ACTION constant) After you received the message in the receiver you can pass it to your activity, where you can finish user authentication. Step 5 : Remember AppSignatureHelper",Artículo
How to create a buttonless bot,"Does your chatbot live in Facebook Messenger? If so, it might stop working properly because of Facebook’s most recent API updates. But don’t despair, in this article I’ll explain how to deal with the changes and create a buttonless bot that works, no matter what Facebook does! To button, or not to button? That is the question. But not when it comes to Facebook. On November 30th, Facebook announced they are updating their Messenger API to comply with European privacy laws, which will impact many of the 300.000+ chatbots that currently live on this platform. ‌ If your Facebook page and bot users fit the criteria listed here (such as being located in Europe), users will no longer be able",Artículo
Is Node.js Right For You?,"What are the benefits of Node.js? Node.js is a very popular runtime environment and has been used by many companies to build apps that need to handle concurrent requests and intensive client-side rendering. Here are some main benefits: 01 Easy to learn Because most developers are already familiar with JavaScript, learning how to use Node.js tends to be straightforward. It’s usually very easy for teams already familiar with JavaScript and front-end development to build apps in Node.js. This cross-application of skills means that companies don’t need to hire new employees or invest in costly training programs. 02 Suitable for data-intensive applications Node.js is particularly suitable for data-intensive applications that are built on distributed systems because of its speed and scalability.",Artículo
SQL Injection query with UNION,"I'm walking through some online training and I'm stuck in a place where I have to use SQL injection via a UNION query. Here's the initial query: This will of course return a list of transactions that user has containing the keyword 'ball'. I can modify the query to attempt an injection attack - in the 'search term' input box, I've added this: ball%' OR 1==1 -- which now gives me the entire list of transactions, not just the one with the keyword. Now, I'm trying to get the admin password from the Users table - so I've tried this in the 'search term' input box: ball%' OR 1=1 UNION SELECT * FROM Users U -- and uses this query:",Pregunta
temporary value dropped while borrowed when read csv file,"I want use rust to read and process one csv format file,the file content like: the rust code which encounter one error compile error message: according to compiler suggestion，the follow code works well: Why this code 'let binding = fs::read_to_string(file_name).unwrap();' effect variable 'counter'？",Pregunta
Why does reading from a serial port using `poll()` sometimes return `0x00` instead of the actual byte?,"I'm working on a Linux application that communicates with a HART modem over a serial port , specifically using a FTDI USB-to-serial modem . The application uses Boost.Asio for asynchronous serial communication. In the real application, I’ve observed a rare issue where the last byte of an incoming message — the checksum byte — is sometimes received as instead of the correct value. For example, when the device sends , the application receives . To investigate, I created a simplified test program (not using Boost.Asio) that mimics the behavior with low-level system calls. Here's a minimal reproducible example that replicates the issue. ✅ Working version (non-blocking read with sleep): This version works reliably — all bytes are received correctly, including",Pregunta
I wasted over 6 months on a machine learning project because of this stupid error…,"I wasted over 6 months on a machine learning project because of this stupid error… Peijin Chen Follow Oct 14 · 6 min read Well, it wasn’t a complete waste, you live and learn. But I spent a lot of time on the project and wanted to write it up as an academic paper — which means you have to consider what added value your paper is offering to the world, and I realized, after seeing my error, that I was not sharing a skillful time series forecasting model as I had hoped, but just, well, a barely better than an educated guess model. In my case the data was drawn from the UCI Machine Learning Repository, and had to",Artículo
The ElGamal Cryptosystem. From Root to the Leaves,"Over the years, we’ve all grown up and so have Alice and Bob. Now they need more sophisticated and reliable cryptographic standards. That’s where the idea of public key encryption pops in. Public key encryption, in the generic sense, is a scheme that employs one globally shareable public key and an individual private key from each side. The message can be decrypted via a proper combination of the keys on each side. A classic instance of such a scheme is the ElGamal cryptosystem, which we dissect in this episode. Okay, to study the ElGamal algorithm, we need to have a reasonable grasp over a few (notorious, that’s how I would describe) concepts of number theory. Now most of these elementary",Artículo
"Custom React Hook to return memoized value. Async API call, having trouble returning the value and not the promise",So I am trying to build a custom react hook that fetches a value from an API and returns a string. However the issue I am running into is that it is returning a Promise and I am not sure how to resolve. For some reason when i import this hook in my application I am getting back Promise{} How can this hook returned the desired value (The value i was able to log),Pregunta
RmlUi: TGA image appears torn or split into parts when rendered,"I'm using RmlUi 6.1 with the OpenGL backend , and any TGA image I load — either in an tag or as a — renders incorrectly. Instead of displaying normally, the image looks torn , stretched , or split into four parts , like this: Example code: Using an tag: Or via RCSS: In both cases, the image is visible but heavily distorted. What I’ve tried: Exported as uncompressed 24-bit and uncompressed 32-bit TGA (with and without alpha). Used several tools to convert (ImageMagick, online converters, etc.). Confirmed the same result with multiple images and formats. RmlUi’s documentation mentions support for uncompressed 24-bit or 32-bit TGA files , but no matter which I use, the output looks broken as in",Pregunta
cant authenticate with strava api python,"I am trying to make a python script to get data about a specific workout from Strava. However my auth token doesn't seem to be working. When I go to the Strava website to get my auth token, and copy the code it gives me when redirected to localhost I get this error",Pregunta
Android Automation: A super simple guide to create your first Espresso test,"What is Espresso, anyway? No, it’s not a drink that you drink every day to have an energy boost. Espresso is an open source test framework developed by Google that allows to perform complex UI tests on either a real device or emulator. Will it take a while to wrap your head around writing complex tests on Android? Maybe. But nothing stops you from making a first move and educating yourself how to write simple test cases for Android using Espresso framework. Tell me more about automation? Sure. Automation is a way of making test execution faster, more efficient and scalable. Manual testing is important, but having an established testing is much better option going forward. There are primarily two",Artículo
How to upload blob image to mysql database and display it as an object url?,Using Node Js Multer I am uploading an image to the database as a blob. This happens from javascript ajax xmlhttp request to express js endpoint. index.html uploading image request express js image database upload so according to my knowledge image gets uploaded as blob to mysql database successfully. now the problem is fetching and viewing the image from database. express js fetch image from database index.html show database from express js endpoint as a object url json response of image blob node js multer req.file This image is not getting displayed as a ObjectURL in index.html. Anything wrong that is done here?,Pregunta
15 latest Figma resources from the community,"The potential of Internet technology is undeniable today. We live in an era of communities and micro-communities, where people with similar interests are used to communicate and collaborate with each other through different online platforms. Many platforms have their own communities, and Figma, of course, did not stand aside. Having a bet on the development of this direction, they may be trying to follow the beaten path (Dribbble & Behance, we love you!), but it was a big and important step which united Figma users even more and improved the interaction of the system with users. By creating such a community, Figma provided people with an analogue of GitHub — users can share their files and work in progress. Being",Artículo
Must-Read Marketing Security Trends in 2020,"I’m sure you’ve heard of marketing technology, or MarTech for short, but is your business aware of marketing security? It’s a new vertical transforming modern business by securing budgets, integrations, customer data, and other sensitive items. Because, after all, your website and related properties are some of your most valuable assets. Things slip through the cracks, too. You forget about something, scramble to fix it, and then have to come up with an excuse for clients about why it happened. Staying up to date on these seven marketing security trends will prevent that from happening while maximizing marketing performance and finances. Check it out. 1. AI-driven cybersecurity Malware, rogue users, and vulnerable pages are just a few common cybersecurity issues.",Artículo
My First Bug ($500),This is my first blog so ignore if i make any mistakes. After spending 2 to 3 months looking for bugs i couldn’t find anything. So i went on HackerOne’s Hacktivity page where you can read disclosed reports of vulnerabilities reported by researchers. As i was reading the reports i found this vulnerability that i didn’t know about. The vulnerability was that you can spoof their email address and then the attacker can send emails from their email address which could lead to sending fake emails or attempts of phishing. To see if you can send an email of a target domain you need to check if it has an SPF (Sender Policy Framework) Record. Its basically a framework that,Artículo
How to solve “ There are multiple heroes that share the same tag within a subtree.” in a flutter project,"In this short article, I will explain how I solved a bug that looked like it will not go off 😂😂😂😂😂. I was very happy trying out Flutter because it is easy and fast to build a huge app with less stress, but as we all know bugs are always around to give us a hard time. In my design, I have a Bottom NavBar(4 navbars) with Three FAB(Floating Action Button) on each screen. I never knew that Flutter has an Attribute called “heroTag” and it must be unique. to cut the long story short, I ran the code I got the error below: And also when navigating to that screen I will be presented with a black screen like",Artículo
Setting up Elasticsearch Development Environment.,"Introduction Elasticsearch is a Lucene-based search server (and a lot more) that has become a topic of every hot conversation around the block. If you work with large volumes of structured/unstructured text data in production environments, you would have come across Elasticsearch quite often. Elasticsearch can scale up to Petabytes of data, is highly available, can double as a No-SQL datastore, has a class leading enterprise support while offering all the goodness of Lucene (Full Text Search) in a nicely wrapped API. No wonder this has become the absolute favorite of industry giants in a very short span of time. Today, we are going to take the first step in a long journey of understanding the crux of Elasticsearch and",Artículo
Compare 2 columns in Polars and rearrange them when they match and unmatch?,"A Polars DataFrame that has 2 columns [Col01 & Col02]. They hold same values though not the same number of times [e.g. Col01 can have say 5 rows of '00000'while Col02 may have 20 rows of '00000' and similarly few other values in variation]. My requirement is to compare both columns and match the least occurred rows [always Col01] with max occurred [always Col02] and mark the unmatched/excessive rows as NULLs. What are the ways this can be achieved in Polars and especially an optimal way ? A sample of the data as below. Thanks. Expected result: **P.S **- Its a huge DF with almost 12 million records in Col02 & 70K records in Col01, so bit hesitant to do",Pregunta
Constructing a Django API from a JSON File,"D.R.E.A.M: Data Rules Everything Around Me. Get the data, analytics, analytics y’all The more data an application successfully incorporates (and makes good use of) the better. Of course, someone could pile in terabytes of data to something and call it a day, but if it’s not used effectively, the data is almost useless. This writing intends to cover the first step of that process — incorporating data into your app. Many developers incorporate data using HTTP requests directly from their apps, but what if those requests aren’t readily available to the developer? Or you’re concerned the API may be deprecated one day. What if your data comes only in an Excel or CSV format and is not currently accessible over",Artículo
Getting started with Ruby on Rails: A blog app (Part 2),"Add authentication with devise add devise gem to your gemfile gem 'devise' run bundle install to install devise into your app, and complete the installation using the following command. you can learn more about the devise gem here. rails generate devise:install now lets add users into our app, as for me I will call them authors rails generate devise author and well now migrate our database rails db:migrate in our app, we only want authors(users) who have logged into our app to post articles, so we need to add some restrictions. at the very top of our app/controllers/articles_controller.rb, add this line. before_action :authenticate_author!, except: [:show, :index] Its important for it to be at the top of the file as rails",Artículo
Is there any way to automatically detect adb port in bluestacks?,"I am currently working on a project and need to connect in bluestacks using adb and code in c#: I have a problem when every time I use the command adb: but the port is different from 5555, it will not show any devices even though I have enabled it in bluestacks. I know how to change the port in bluestacks .conf file but my project will use many machines and many emulator versions like MSI App Player, it will have many different types of ports and my customers / testers or myself will feel very annoyed if I do that many times. -> so is there a way to automatically detect port, or automatically connect adb in bluestacks without",Pregunta
"Why I left Facebook. Because we all deserve a safe, private and freer way to connect.","How to reach me online from this point forward: I’m not closing my Facebook, Whatsapp or Instagram account only because of the network effect it still possesses and is still useful as a means of finding me online. However, most of my thoughts & posts will now live here on Medium: https://medium.com/@phil_knows. I prefer not to use my Whatsapp but unfortunately the large network effect includes close friends/family so I will still have to use it for non-secure messages. If anybody can find a good alternative to Instagram though, I’d love to hear from you. Til then, I’m still available there. Cryptographically secured & verified methods are the best way of reaching me. This is why I highly recommend something",Artículo
How to bypass rollbacks and retries for Spring JmsListener specific exceptions?,"This is for a Spring JMS listener which is configured with with , an error handler and a message converter which converts a message to a pojo payload. Is it possible to not rollback transactions for specific exceptions, (related to invalid payload - , ), so the message is not retried? I am OK with with the transaction being rolled back and retried for all exceptions apart from and (for invalid payloads). The error occurs in the MessageConverter, so does not actually get to listener receiveMessage. Please advise.",Pregunta
A Complete Hiring Guide for Mobile Developers,"Mobile has taken over. Today, websites are optimized for mobile or run the risk of losing potential website traffic or functionality. Our smartphones, tablets, watches, and other devices have become more and more embedded in our everyday lives. In 2019, over 2 million apps were available for download on the Google Play store and 1.83 are available on the Apple App Store. This means lots of busy software engineers and programmers coding for these millions of apps. Recent estimates indicate that there are about 12 million mobile app developers worldwide. In the U.S, labor shortages for software developers mean that U.S companies hire mobile developers outside of Silicon Valley and the demand for talent is very high. So who are",Artículo
First steps with Terraform,"The objective The objective is to become knowledgable about cloud computing by trying many of the services in the AWS landscape. However, I want to do this in a manner that is repeatable and in a way that will allow me to build knowledge on top of what I have learnt in the past. It seems the obvious answer is to start with Infrastructure as Code. If everything I do from now on is coded, commented and version controlled, I will have a reference to look back on and build upon. However, I can’t capture everything in code, for example the decisions I make and the problems I face. Therefore I will use the medium of Medium to document and",Artículo
Java Unit Tests make easy — Random Values with PODAM,"In this article Java Unit Tests make easy — Random Values with PODAM, we discuss how to generate random values to object, collections we use on Junit test using PODAM library. When we write unit test cases for functions, a big headache for developers is filling mock data to our objects, collections etc. For example, let see what would be the test case to fetch an object from a function. Please look below code snippet. In this object contains the list of child objects too. In this code snippet, we can see a lot of hardcode data we have to use to fill the object with values. Now let see what we can do for this matter… Any good solution??",Artículo
Does SwiftUI View extension force redraw,"I'm trying to understand how swiftUI view extensions work with this format: Which are then used like this: From what I understand, if View is a struct, and therefore is a value type, the line is creating a separate value, different from the original view. Therefore, by using this function on my view my original value is lost when it is created. I see that this pattern is frequent, and that's why I find it strange that this is the way it works, is this forcing some view repainting or can it do it? Isn't it more optimal to pass directly newValue through the MyView init if I can do it?",Pregunta
How To Create An Instant Messaging App Like WhatsApp?,"Effective communication is the tool that can enhance the power of understanding. To make it clear to others, we use various forms of communication. It all started with sending letters and birds to convey the messages. After the advent of digitization, telephones came into existence where people used to book trump calls for making calls. Now, after decades, we have messenger apps through which we can send and receive messages instantly. The users can participate in instant chatting with others in the app. This has proved to be an effective way of communication as there is no delay or interruption in between. Data security is the biggest concern of people when it comes to a messaging app. If you could",Artículo
Swift JSON Decoding Crashes Xcode Playgrounds,"I'm learning Swift and I find using Playgrounds helpful to test code snippets. However, when trying to decode JSON, Xcode consistently crashes at the point of decoding. I have tried printing any errors that may arise, but Xcode itself crashes and I'm unable to even get to the print statement. I have tried this on two separate Macs, but the same thing happens. Outside of Playgrounds, this runs fine as a Swift file executed from the command line. The code below is what I'm trying to run: When Xcode crashes, I get the following message in the console: And a note appears above the editor to say . This log is hundreds of lines long, and I'm struggling to make",Pregunta
Meet User Accounts,"With User Accounts, there are enhanced security features to protect your mining operation while providing you greater control. Increased Security. Greater Privacy. We designed User Accounts with advanced encryption that secures your Luxor Account and ultimately provides control over your mining operation. Two-factor-authentication (2FA) is an additional security layer to address the vulnerabilities of a standard password-only approach. More Customizable Than Ever. With custom payment thresholds and manual payouts, you dictate when you want to get paid. Set your payment threshold to suit your needs, rule over your mining. How to set up an account with Luxor? To create an Account with Luxor follow these steps: Click on the Login button Click on the Don’t have an account? Register button",Artículo
Higlight specific Row containing Text with specific color with opnxlsx,"I need to highlight row containing ""Group_Total"" with specific color while writing into excel sheet in xlsx format with openxlsx My code is as follows; the code is not giving an error, and it is not working as well. The excel file provides a warning massage while opening",Pregunta
The best VPN Christmas deals 2019 — special discount offers with a free bonus,"Christmas is just around the corner and with Santa Claus arrives sweet Christmas discounts! Last year I hunted for the best-discounted computer software, and this year decided to be a bit more specific and security-oriented, and share my findings with all of you. I reviewed the best VPN services and decided to list a few whose deals are worthy of your attention. First, I’ll review two services that are absolute market leaders and offer services of the highest quality. One of them even offers two products for the price of one, throwing a password manager for free. I’ll add a lesser-know yet great VPN and my personal recommendation at the end, so let’s dive in! Two best VPN Christmas deals",Artículo
C program called in a bash loop incrementally reading from a single file never exiting,"The rwl program, whose source code is shown on the top, is run with the following command on a 2-line fileA text file with ""01234"" data on each line. Determine the data that this command will display and the changes that must be made to the rwl source code in order for the command to be terminated. $> while rwl; do :; done < fileA This is an old exam question. Can someone help me solve it? I tried to put a while(read(0, buf, 2) > 0) and put other 2 inside of loop but it didnt work.",Pregunta
Your Website Needs a Facelift!!,"Keep your customers attracted to your picture. Here are the 7 signs that you should pay unique psyche to in your website, that will impact you to consider in case it is the ideal time for you to take an action to re-try your high-level closeness and consider web improvement! Your Website Does Not Have a Responsive Design In this computerized period, you can’t overlook the way that numerous individuals are visiting your site on their tablets and cell phones. On the off chance that your site isn’t responsive or portable neighbourly at this point, odds are you are losing an enormous number of guests. In this manner, it is consistently a smart thought to grasp a responsive plan. read",Artículo
How to pass variable constrains while minimizing function with multiple variables and return the variables?,"Assume I have a function with 5 variables, and each one have a range constrains. I want to find the minimum of a function, as well as the values of those 5 variables which are needed to obtain that minimum value in that function. I am using the fminsearch. Assume I have above function that I want to minimize. and the above ranges. I am currently using fminsearch function. However, I stucked the point that how can I use ranges and how can I extract the min value / and all those 5 variables which gives this result. Thanks in advance.",Pregunta
How to search a large data structure and return the series of keys/arrays that gives a particular value?,"I have downloaded a complex JSON data structure from https://api.ncbi.nlm.nih.gov/variation/v0/beta/refsnp/8127500 it is so large, I cannot search it easily. I have tried Data::Search, but it does not return what I need. How can I search a data structure/hash, e.g. the minimal working example, search for the key and return ?",Pregunta
"LiveData test fails: Expected MyState$Success, but got null in ViewModel test with coroutines","Problem Description: I was expecting the LiveData value to be MyState$Success when the test starts, but the value is already set to null. Questions: Is the LiveData emitting its value asynchronously and causing this mismatch? Should I use a different testing strategy to handle LiveData updates in coroutines? How can I ensure the test waits until the final state (MyState.Success) is emitted? Any insights or suggestions would be appreciated! Expected :com.br.testesunitarios.ui.MyState$Success@62fad19 Actual :null Here is my ViewModel implementation This is my test case, using StandardTestDispatcher and runTest: Gradle setup: And LibVersions",Pregunta
Kubernetes Deployment: Connect Your Front End to Your Back End With Nginx,"Back End For this tutorial, we will keep our back end very simple. We have a simple Node server with Express and Mongoose. We are using Mongoose to connect to our MongoDB. And I have chosen the port 3000 for Express. Note: We have used mongo-service as the hostname for database URL. That’s because Kubernetes provides you with abstractions called services. We will create a mongo-service service in the latter part of this tutorial. And you can use the service name as the hostname to connect to your application ( mongo-service , in this case). TLDR; If you have a Kubernetes service named mongo-service , you can use mongo-service as the DNS name of your application. It’s the responsibility of",Artículo
Announcing SchemaMapper a C# data integration class library,"SchemaMapper logo SchemaMapper is a C# data integration class library that facilitates data import process from external sources having different schema definitions. It can: Import tabular data from different data sources (.xls, .xlsx, .csv, .txt, .mdb, .accdb, .htm, .json, .xml, .ppt, .pptx, .doc, .docx) into a SQL table with a user defined table schema after mapping columns between source and destination. (.xls, .xlsx, .csv, .txt, .mdb, .accdb, .htm, .json, .xml, .ppt, .pptx, .doc, .docx) into a SQL table with a user defined table schema after mapping columns between source and destination. Replace creating many integration services packages by writing few lines of codes by writing few lines of codes Allow users to add new computed and fixed valued columns. Used",Artículo
CSS selector within a class or id that targets only one filetype,"I'm new to CSS (VERY new, third day), and have searched high and low for someone who had this same query, but I haven't found anything. So far I've tried making a class or an id for an image, and within that class/id I want one specific filetype (.gif) to vary in size from the other image types. I'm pulling my hair out, I can't figure out how to select any instance of the filetype, as opposed to a specific gif. I've tried :target, but I'm not sure how to target a filetype as opposed to an url with a specific name. My latest effort was this (I've also tried giving jpgs and pngs the same specific code above the",Pregunta
AWS Well-Architected Framework in Serverless: Operational Excellence,"The WAF Operational Excellence Pillar The OPS and the Security pillar (SEC) form the core of the AWS Well-Architected framework. The OPS pillar is a catalyst for the other five pillars because it’s mostly about automation in the development and deployment process. The basic idea of the OPS pillar is that the fewer tasks humans have to do in a software project, the fewer errors will happen, and the faster you will be able to react and change things. For example, if you have a static code analysis inside your continuous integration (CI) pipeline, many bugs can be found automatically. This enhances security. But if you don’t have a CI pipeline, you would have to manually run the analysis, which",Artículo
Get size of http.Request,"In my application, I would like to register how many bytes are transferred down the wire by my HTTP client, to keep this metric under control. I could not find a way to accomplish this easily. The objects have a convenient method which fills a buffer with the HTTP packet that would travel over the network, but if I call this then the body gets close, and calling on this request does not send the right packet. Cloning the request did not help. So here is my question: how can I obtain the size (in bytes) of the request I'm about to send (or that I just sent)? Is it possible to do this also for HTTPS connections?",Pregunta
Server-less technology reading list,"I would love to compose an academic reading list for folks want to learn server-less technolog. DHT, the distributed hash table, sitting at the core of the server-less stack. Here is the must read to understand DHT protocol. Mutable and Immutable data handing: this is how peer to communicate with other peers without servers by using DHT. Here is the protocol. Github resources: here is the libtorrent repo, which implements DHT and data store. Here is the android java wrapper of libtorrent.",Artículo
sort hash by values *but* return keys,"The incoming file is in the form of account:data. In this case, the data are Y-SNPs. I want to sort by value (SNPs) and return the key (account) with the data so that I can keep the two associated. This prints only the data. And doing a regular array sort on the second field doesn't work either.",Pregunta
The great debate: sql vs nosql,"Looking at the above features we can get a rough idea of when a nosql database can be a good fit e.g a photo-upoading app (like Instagram), with a million users, can benefit massively from a horizontally scalable, distributed DB like mongodb or cassandra. But suppose we want to build a talent assesment tool for a multinational conglomerate, where consistency of data is key (since millions of dollars worth of bonuses given to people will depend on the data stored in our tool), in such a case a traditional RDBMS like MySQL will be a better fit with it’s ACID compliant transaction support. But let’s discuss the “normalized” and “denormalized” schemas that are a good fit for each type of",Artículo
"Hi, thank you for this helpfull post.","Hi, thank you for this helpfull post. Where did you create the token? I used identitytoolkit.googleapis.com with the singUpWithEmail endpoint, and my backend can’t properly check the token. The error I get is invalid signature. I’m using quarkus 1.9.2.Final and openjdk 14.",Artículo
"Learn to Design “Progress Indicator” from Dropbox, Youtube, Vimeo, etc.","Designing UI si not simple, small things matter a lot and if something went wrong a little can cause a serious problem. therefore I started to teach you various things about UI design and today I’ll talk about designing progress indicators in a way that’ll enhance your user experience. and to teach you that I divided all the lessons into points so that you can note them and remember them easily so that if you want to read this article again you can just swipe up and read the heading, see the images and you’ll remember all of the important lessons.. #1 Make The Progress Visible just remember that you have to make the progress visible to the user so",Artículo
Relational and Non-Relational Databases,"Relational Databases Organization of data is very important to retrieve data from the databases. It helps us to use the data later. Creating a data model is an iterative process. You can alter the tables based on the data availability and redundancy in the data. Data modeling is used by the software engineers, data engineers, data scientist and whoever uses the data. The relational and non-relational databases do different kinds of data modeling. The most common relational databases(RDs) are PostgreSQL, Oracle, Teradata, MySQL. In relational databases, data is stored as rows and columns with a unique key that identifies a record. The database or schema is a collection of tables. A table is a group of rows sharing the same",Artículo
The exit and enter animate of AnimatedVisibility are not displayed correctly,"I try to use AnimatedVisibility and Modifier.pointerInput function to achieve such an effect that user can swipe it out to delete item in list. I found that exit and enter animate are not displayed correctly, which is confused me. Item is appeared and disappeared without any animate. I don't know what went wrong. I'm wondering why this is, or if there's any way to help me determine why the expected animation isn't working. Thanks in advance.",Pregunta
Shiny components not laying out like expected,"I am trying to make a modular navbar (and eventually sidebar) with some branding to be used across multiple different Shiny applications. Please note: I mean navbar in a general sense, not in the proper sense. What I am aiming for: a single navigation bar with the title of the Application/Dashboard, our logo in the middle and a RHS dropdown/hamburger menu with some common links. Visual example: This is my code And that produces this output: If I were to solve this in HTML, I would do something like (psuedocode):",Pregunta
Toasty: A basic guide to the Android Studio “Toast” Feature,"Android Bot When I first started programming, I came across a programming tool called Android Studio. This was based on Java, and it allows you to create Android applications, for smartphones and tablets. The screen below represents the software version you want to use in order to build your app, for example, Android 7.0 (Nougat) to Android 8.0 (Oreo). This makes sure your software is compatible with your device. This step is very important because you want to select a version that is being used by the most amount people in the world today. Most of the software versions include the percentage of people currently using the software version on their device. This means that your apps will run on",Artículo
How to Make iOS App Secure from Jailbroken Device?,"How to Make an iOS App Secure From Jailbroken Devices Detect jailbroken iOS devices in your app Photo by freestocks on Unsplash. Thanks to the mobile era, we have mobile apps for everything these days. Every business from a barbershop to huge retailers has apps so that they can be closer to their customers. On one hand, we really leverage this convenience. On the other hand, there are risks of exposing a lot of confidential information while using these apps. This becomes vital when dealing with payments and other sensitive information. As developers of these apps, it is our responsibility to put checks to make sure privacy and security are not compromised. Here is a comprehensive list of security best",Artículo
Redis Zero Downtime Cluster Migration,"A few days back I came across a problem of migrating a Redis Master-Slave setup to Redis Cluster. Initially, I thought it to be a piece of cake since I have been already working on Redis, but there was a hitch, “Zero Downtime Migration”. Also, the redis was getting used as a database, not as Caching Server. So I started to think of different ways for migrating Redis Master-Slave setup to Redis Cluster and finally, I came up with an idea of migration. Before we jump to migration, I want to give an overview regarding when we can use Redis as a database, and how to choose which setup we should go with Master-Slave or Cluster mode. Redis as a",Artículo
MySQL union - alias not visible,"The idea is to create a query which will be used as autocomplete but which will move results that have exact keyword right to the top. First part of the query p1 searches for exact match while the last part p2 searches for any occurence of a substring. Meaning the provider that has "" One "" in its name will be selected in a first part and the provieder that has "" Done "" in its name will be selected in a second part. The problem is that second part selects items from first part too. Because of that I tried to add an alias to each part of the union and also tried to add additional condition to last",Pregunta
"The Importance of Privacy: Sexual Fetishes, Salaries, and Other Things We Know About You","The Importance of Privacy: Sexual Fetishes, Salaries, and Other Things We Know About You It’s time to stop pretending that you can be anonymous on the Internet. In a data breach, unauthorized users obtain access to databases of user information that are stored by companies. While most people assume it’s harmless, the types of data that are obtained assist in blackmail, identity theft, and fraudulent financial activity, among others. Worse, chances are, there’s much more unauthorized data collected about you than you imagine. A Dose of Reality Troy Hunt’s Internet security website, Have I Been Pwned (HIBP), which was launched on December 4, 2013, has published 8,418,474,549 recorded breaches (over 397 total events) of customer accounts as of August 18,",Artículo
Smallest Subtree with all the Deepest Nodes,"Given the root of a binary tree, the depth of each node is the shortest distance to the root. Return the smallest subtree such that it contains all the deepest nodes in the original tree. A node is called the deepest if it has the largest depth possible among any node in the entire tree. The subtree of a node is tree consisting of that node, plus the set of all descendants of that node. Note: This question is the same as 1123: https://leetcode.com/problems/lowest-common-ancestor-of-deepest-leaves/ Example 1: Input: root = [3,5,1,6,2,0,8,null,null,7,4] Output: [2,7,4] Explanation: We return the node with value 2, colored in yellow in the diagram. The nodes coloured in blue are the deepest nodes of the tree. Notice that",Artículo
"""Pick"" a specific implementation of a type which is anonymous","Here is an example of some types and a function: I want to specify a specific return type. In this case the type I want to return is ""anonymous"" the one which contains ""result"" in it. Since it is not a specifically named type, I cannot just say something like . I could just say that the return is . But that would only work for a small type. If the example return would contain 50 different sub properties, that would be unfeasible. I also have no control over the type, so I can not just change the type itself. Is there an easy way to ""pick"" the implementation with something like ? This is not about picking a specific",Pregunta
"Blazor puts imports in bundled CSS in ""wrong"" order - can I control it?","We have an app with some coming from and some from behind components. These are bundled into a which imports . App is started from a frontend project I will call ""projectName.frontendWeb"". This one has its own bundled CSS that starts with imports as below: Our problem is that we want the to be imported first, so that some parts can be overwritten by our own CSSes. Can we control the order of imports in bundled CSS? Both and refer to . I removed all references to from frontendWeb but import of still came after import of bundled CSS for I also tried to change the order of package/project references in without success. Edit: I tried . I added following",Pregunta
How to link or associate the certificate in apple keychian with associated private key generated in secure enclave?,"I have generated the keypair using secure enclave with (SecKeyCreateRandomKey()) , then created csr and then certificate is issued by CA. I have stored the certificate in keychain with (SecItemAdd()). Now i have to link this certificate with associated private key. I need the keychain access app to show certificate and key in the dropdown. How this can be achieved? i tried SecIdentityCreateWithCertificate() but it didn't work",Pregunta
Cyber Sprint Notes #5,"Covering 18–31 May 2021 Welcome back to our Cyber Sprint Notes, an opportunity to catch up on the progress of the Local Digital Cyber team. Cyber Health The Cyber Health team completed their Alpha Service Assessment on 19 May. This gave us an opportunity to present our work during the Alpha phase to peers from other digital teams, including what we learnt and what we plan to do next. The assessors use the Government Service Standard to suggest any changes or make recommendations for how we might be able to improve our work. You can read more about service assessments in the Government Service Manual and we expect to receive the report soon. A Minimum Viable Product (MVP) roadmap has",Artículo
"🌊 StateFlow, End of LiveData?","To manage state in Android we generally used Android Arch. component’s LiveData which is lifecycle-aware. We can replace it with StateFlow. Let’s see how to use it with Android. Let’s write some code! ⚡️ Getting Started Open Android Studio and create a new project. Alternatively, you can simply clone this repository. This is a very simple counter app for demonstrating the use of Kotlin Coroutine’s StateFlow API. We’ll be using MainViewModel to manage our data of MainActivity . Now you can compare its implementation using LiveData. MutableStateFlow has a setter property for value. has a setter property for value. We’ve declared an instance of StateFlow i.e. countState which we’re exposing for activity (It’s a read-only field). i.e. countState which we’re",Artículo
6 ways to find elements in Array in JavaScript,"Posted by jscurious.com There are various methods available to find elements or their positions in Array. But we can always choose the method that satisfies our search criteria i.e. whether we are searching for element or its position in the array. We will be discussing about 6 ways to find in array. The various methods are find , findIndex , includes , indexOf , lastIndexOf and loops ( for , filter , map ). Let's check them out in brief. The find() method The Array find() method returns the first matched element in array that satisfies a condition. The find() method takes a function as argument which returns true or false based on some condition. The find() method executes this",Artículo
How to estimate the parameters of a transfer function with 2 poles and no zeros?,"I am new to matlab and I have a transfer function 1/(ms^2+ds) for the position of an object experiencing a thrust, drag and gravitational force. I want to estimate m and d. I have the output data in the time domain but I'm not sure how I can estimate m and d using matlab. I have tried the following : I am getting the following error Error using tfest The ""tfest"" command cannot be used for time series data. Consider using ""ar"", ""arx"" or ""armax"" command. I understand that I can't use time domain data in the s-domain but I am not sure how to fix this. I learnt that armax does not support the continuous time model estimation. How",Pregunta
When will Typescript evaluate / resolve / collapse types in the IDE vs when will it not?,"I'm currently building some framework code and I'm trying to understand when Typescript will and will not ""resolve"" typing in the IDE. The example below shows using Pick to derive a type from another type: The IDE shows the typing below with Intellisense, which is clean and concise: However, if I create a runtime implementation of Pick, like so: The resulting Intellisense in the IDE does not ""resolve"" the Pick type mapping, even through the resultant type is equivalent to our PersonName type above: Is there something I can do to guide Typescript / Visual Studio Code to ""resolving"" the type in this kind of situation to display the same thing as in the first example? Tested with Typescript v5.9.2",Pregunta
Hierarchical Clustering in Python using Dendrogram and Cophenetic Correlation,"Hierarchical Clustering in Python using Dendrogram and Cophenetic Correlation Organizing clusters as a hierarchical tree Photo by Pierre Bamin on Unsplash Introduction In this article, we will take a look at an alternative approach to K Means clustering, popularly known as the Hierarchical Clustering. The hierarchical Clustering technique differs from K Means or K Mode, where the underlying algorithm of how the clustering mechanism works is different. K Means relies on a combination of centroid and euclidean distance to form clusters, hierarchical clustering on the other hand uses agglomerative or divisive techniques to perform clustering. Hierarchical clustering allows visualization of clusters using dendrograms that can help in better interpretation of results through meaningful taxonomies. Creating a dendrogram doesn’t require us",Artículo
Insert value from another dataframe when values in other columns match,"I have two dataframes. The first contains the measurements for four variables: The second dataframe contains all possible combinations of the first three variables and a corresponding frequency count: I want to create a fifth variable in the first dataframe that contains the frequency value from the second dataframe where the other three variables match. The result should look like this: What first comes to mind is looping over each row in the first dataframe and searching the second dataframe for the corresponding row. Is there a way without looping? I have tried subsetting, but cannot get that to work. Data",Pregunta
"Prime Numbers as Streams, With RxJS and Go","“Sieve of Eratosthenes” Using Go Channels as Streams In Go we can use channels as a mean to implement streams. For instance an unbound stream of integers starting from 2 can be generated like this: ch := make(chan int) for i := 2; ; i++ { ch <- i } In this case the stream is represented by the channel ch . Any client code that wants to read the stream has just to read the channel ch . Our logic asks to create recursively streams of non-multiples of a prime number starting from an input stream. We can code a filter function to implement such logic using the stream-as-channel concept: func filter(inStream <-chan int, filteredStream chan<- int, n int)",Artículo
Trying to create hypergraph with Cytoscape,Problem: i've been trying to create a library to visualize hypergraphs which are also interactive. i've tried various libs i finally went with and . the image i provided.. its what i get in dash browser which is slightly close to what i want which is . i have a problem tho.. it draws the nodes as polygon points instead of putting them in the shape and close the hyperedge around them. i'm not a professional python programmer i been getting help from AI here and there and searched alot.. but fail to figure whats the problem.. i appreciate if someone check the output and the code below and let me know where i'm going wrong.. thank you Current Output:,Pregunta
A Game of Words (Part 2),"A Game of Words (Part 2) When you play the Game of Thrones, your words are positive or they are negative. There is no middle ground. Following the third episode of Game of Thrones Season 8 earlier this week, comes the second episode of my Game of Thrones analysis series - A Game of Words (Part 2)! This is the second blog post in the series and again I will be analysing transcripts from the first seven seasons of GoT. In the first post, I looked at the vocabulary and verbosity of certain characters from the show. Having analysed the number of words and most common words they say, I’m going to go a step further and look at the",Artículo
Flutter for Enterprise | Unit Testing Usecase [2/2],"In my previous writing, we emphasized on the necessity of structuring our application. We addressed two major hurdle that could potentially bring the flutter project to a halt and took an architectural decision by adapting to Domain Driven Design principle. Now we want to incorporate Unit Test and adhere to Test Driven Development guidelines while implementing use-cases and learn how it supplements our approach towards building a scalable application. Test Driven Development Test driven development is more than just using automated test suite for validating our implemented logic. It’s kind of methodology which in a way drives the design aspect of writing code by following a certain convention in cycles. Essentially, this allows our test case to serve as a",Artículo
3d Game Programming With Java and libGDX — Setting Up a Model With Blender,"Step 1 —Delete the un-necessary components Which is to say pretty much everything :). On the top right of the window, you will see the objects within the ‘Collection’. From this area, delete the ‘Camera’, the ‘Cube’, and the ‘Light’, as they will not be used, and do not need to be exported. To do this, either: Right click on each item to get the contextual menu up and select the ‘ Delete ’ option, or, ’ option, or, Just left click and press the ‘X’ key to delete. Step 2 — Find (or create) a model The cube is not the most exciting of models, and easily UV unwraps, and consequently doesn’t go through some of the problems that",Artículo
"SMSRetriever API's BroadcastReceiver only triggers once, does not fire for subsequent messages","I am using the SMS Retriever API to autofill an OTP field in my Android app. The SMSBroadcastReceiver works as expected when the first message is received, but it does not trigger for subsequent messages, even if they are sent immediately after the first one. Code Here is the BroadcastReceiver implementation: The logs confirm that the receiver is registered and fires correctly when the first SMS is received: Manifest Entry The BroadcastReceiver is registered in the manifest like this: Issue After receiving the first SMS, the onReceive method does not fire for any subsequent messages. From the behavior and logs, it seems that the SMS Retriever API unregisters the BroadcastReceiver after the first message is received. The application uses the",Pregunta
Conflicting Cross Version Suffixes Error in Scala Dependencies,"In my project, I'm running into conflicting version suffixes error for cats libraries. I ran sbt evicted, but I could not fully make sense of how to interpret it to resolve this error. Here is the evicted output: This is the error that I face: These are my dependencies:",Pregunta
"Deno-ts typing support identifies lists (string[], ...) as empty object ({ })","I work on VS Code and I use Deno. The in my project is quite simple: Same for the : I'm dealing a problem. To be more specific, the type checking of arrays doesn't seem to work at all. I was working on a simple function whose purpose is to loop through a list of HTML pictures to link the sources to the actual jpg/png. To make sure the query is correct, I check if the length of the list of elements is equal to the one of pictures: Here's the error due to : This is due to the fact that deno-ts doesn't understand what lists are: At first, I thought maybe this is due to the custom type",Pregunta
Combining values from a column,"I'm working on a SQL to convert my data that looks like the table below to Member Campaign 1 2006 1 2007 1 2008 2 2023 2 2024 this Member Campaign Pastcampaigns 1 2006 2006 1 2007 2006,2007 1 2008 2006,2007,2008 2 2023 2023 2 2024 2023,2024 Any thoughts? Very much appreciate your help. I tried to look for some solution on various forums but can't find anything specific.",Pregunta
Chatbots- Connecting Artificial Intelligence and Customer Service,"Every business revolves around customers and interactions carried out with customers. It is said that a customer is the boss of a business and every interaction with him counts! An infallible way of dealing with this pressing subject is the use of Chatbots. Chatbots are used to conduct an online chat conversation via text or text-to-speech and provide direct contact with a live human agent. With rising demands all over the world, they have gained immense popularity and are widely used in a myriad of industries to render a pleasant and uniform customer experience. They can be used to answer FAQs, handle customer queries and grievances, manage bookings, make recommendations, CRM and provide 24*7 customer support. They can be rule-based",Artículo
SQL query - GROUP BY usage,"In my table I have three columns: , and . I want to retrieve the name who got min experience from each department along with department. I used the below query but it's not working the way I expected Please help.",Pregunta
"Normalize Table2 where one person can only have one device in Table1, but there are many different colors for the same device in Table2","has roughly 50k rows, like this: Id Name Dob Device 1 Bill 09/30/1987 bira1 2 Kayle 06/12/1967 kale2 3 Gill 05/23/1976 bira1 4 Kane 01/30/1963 bira3 5 Hena 02/12/1978 kale1 has 200 rows: Type Device color price Apple bira1 Grey 100$ Apple bira1 Green 120$ Samsung kale2 silver 200$ Samsung kale1 blue 10$ Samsung kale2 black 190$ doesn't have any or a primary key. When I join the tables using column , it usually doesn't return the right information, since one person can only have one device in , but there are many different colors for the same device and it is difficult to find which colors the person has. How can I normalize ? It usually takes a long",Pregunta
Auto-Documenting a Python Project Using Sphinx,"3. Update the conf.py File The conf.py file inside the source folder describes the Sphinx configuration, which controls how Sphinx builds the documentation. If you wish to override the theme, version, or module directory, you’ll need to override these changes here. Below are some recommended overrides: Update the theme The default theme for sphinx is alabaster. There are many existing themes to choose from, and it’s even possible to create your own. A recommended theme is sphinx_rtd_theme , which is a nice-looking, modern, mobile-friendly theme. To use sphinx_rtd_theme , you’ll need to install the sphinx-rtd-theme Python package by running pip install sphinx-rtd-theme in the terminal or by downloading the theme here. Update the html_theme variable inside the conf.py file to",Artículo
Week 9 @ Encora Academy (Build Something From Scratch),"In the ninth week at Encora Academy we delivered the final product of this phase in which we were working for the last month. This week I learned a lot from the beginning. On Monday, I was dealing with a dependencies issue that I installed locally, and when I tried to upload the changes into Github, my teammates couldn’t run my changes, so I deleted my project locally, and when I tried to run it, again, it threw me an error that I couldn’t identify, so I went to the internet, and copy the first thing that I found because I was desperate to solve the issue, and the result was a tragedy. I deleted all my files on my",Artículo
Variable context in ASP.NET MVC (C#),"In my ASP.NET MVC project (written in C#), I want to use the right according some value from some condition. That should be available for all the methods of the controller. To do that, I used the following approach: First , I built the application with all the contexts I need: Second , for each added to the builder, I created the respective model class: Were has its own model class: All the models have the same set of . Third , my goal is to use the on my controller after I assign the right injected context: The problem : when I try to use the on any method of the controller, I get an error: System.ArgumentNullException: 'Value cannot",Pregunta
Find max/min value in a column in a range of data (multiindex) and append to a different column,"I have the following dataframe: When run, it yields this: This is a fragment of a dataframe that has 820,000 lines. These are options contracts trading over approximately two weeks, with 1 minute bars. I have set up a multiindex with Symbol and Date because it just makes sense to me to filter data that way. What I want to do, is find max value for a contract on a given day, and append it to the column 'day_high' where the time in 'hour' column is equal to 08:30:00. I've tried the following line of code: This line of code puts the max value in all rows. I've tried a few different modifiers to stick specifically in the row where",Pregunta
“ I Forget My Iphone Passcode “ Now How To Fixed Any Iphone Forget Passcode ?,"The iPhone passcode feature is an important way to keep an eye out for your personal data, but what if you forget your iPhone passcode? If you forget your passcode and enter the wrong six times, your iPhone will tell you it has been disabled. Also, depending on your settings, enter the wrong passcode again many times it can lead to your iPhone deleting all its data. You don’t want that! Whether you received this message or just knew that you forgot your iPhone passcode, follow these steps to regain access to your iPhone. These guidelines apply to all iPhone models. While this article focuses on the iPhone, the steps also apply to iPod touch and iPad. Correct the forgotten",Artículo
The Array Data Structure,"This is the second post in my series Data Structures and Algorithms using JavaScript. Last week, I discussed Time Complexity, Space Complexity, and Big O Notation. This week I am going to talk about a very popular data structure that most programmers use on a daily basis, the Array. In this post, I will cover the Big O of common Array actions ( push , pop , etc) and we will also walk through the process of creating our very own Array data structure! Let’s get started. What is an Array? A collection of multiple values that can be stored using a single variable The length can not be fixed (unless static) The types of values can not be fixed",Artículo
"DKIM verification fails for mail with error ""body hash did not verify""","Trying to do dkim verification using go lang module .https://github.com/emersion/go-msgauth/blob/master/dkim/verify.go#L212 . But it fails and gives body hash did not verify. When i directly pass a .eml ( after changing it to []bytes) file and feed into Verify method it passes. This is the code that gets called // VerifyWithOptions performs the same task as Verify, but allows specifying I am suspecting issue lies how we are feeding mail to VerifyWithOptions() The sample code to see the issue The actual WriteOriginalMail() method->",Pregunta
Is it possible to revert committed deletion from Core Data Cloudkit in Swift?,"A user has accidentally deleted a root record that removes all data from the user. The data is stored in Cloudkit CoreData with Transaction History enabled. I have noticed in the CoreData database that there is a ACHANGE record. And every NSManagedObject save or delete commit will create 3 new ACHANGE records to the CoreData database as follows: ZENTITY 1, 9, 18 which refers to the Root, Child and Grandchild Entities). ZCHANGETYPE seems to indicate - 0:Create; 1:Update; 2:Delete In the respective ZENTITY (e.g. 18), the corresponding ZENTITYPK (e.g. 15) is PERMANENTLY DELETED from the database and a new record of the ZENTITY 18 will take the next value ZENTITYPK 16 (See image). === QUESTIONS === Can someone explain the",Pregunta
Testing signing with Firebase authentication in Go,"I a service in Go and I'm currently porting it from Auth0 to Firebase. A few of the tests in our test suite are there to ensure that our authentication code works correctly, e.g. sign in a few test users, check that the middleware parses correctly their authorizations. Now, I'd like to port these tests to Firebase auth. For this, I'd need the ability to sign in from the test suite, preferably on the emulator, but if necessary we have a Firebase project dedicated to testing. Here's what I've tried: I've attempted to sign in from the Go Firebase SDK, but it doesn't seem to support signing in. I've attempted to setup the emulator, but the Go SDK doesn't seem",Pregunta
How to write Query with Predicate in SwiftUI detail view,"I'm trying to write a with a custom Predicate in a SwiftUI detail view. When I click items in the list the app hangs and memory usage increases linearly forever. If I put the predicate on the in the main view, the app works fine. This is all based on the SwiftUI+SwiftData template app with extremely minimal modifications in the detail view: Detail view (where issue occurs): List view: Data model: App runtime:",Pregunta
How to Insert Images in Jupyter Notebook,"Sometimes it is just easier to insert a picture than to explain with text or code comments. This brief article shows you how to insert images into Jupyter Notebooks! Gonzalez (2016) Markdown First, set your cell to markdown! Local Images Assuming your file structure looks like this: / +-- your_jupyter_notebook_file.ipynb +-- img +-- image_file_name_here.png Insert your image like this: ![Title](img/ image_file_name_here .png) Web Image For web images, you can simply insert the url:",Artículo
Get cracking with NativeScript,"So you are a pro in Javascript OR a real good Angular, Vue developer and now want to explore building native apps on mobile. However, you are getting a migraine seeing the number of options! React Native, Dart, Kotlin which one should I choose? Well, take a sip of your favourite coffee and sit back. We got you, NativeScript! NativeScript allows you to build native apps using Angular or TypeScript or modern Javascript and still give you the truly native UI and performance. It allows you to embed a web framework to generate a native app. Sounds cool, doesn’t it? So, let’s get cracking with it! Architecture NativeScript prominently uses MVVM model which enables it to have two-way data binding,",Artículo
Update of a (role) component when a HTTP operation is made by an Admin component in Angular,"I have 2 roles, Admin and Watcher, the admin has the ability to make changes to a table and upload them to a DB, the watcher can't make changes to that table, it can only visualize the data, the problem is that whenever an admin makes a (PUT, POST, DELETE) change to the table, the watcher only receives it if the page is reloaded, i want the change to be seen in the watcher component without the page being reloaded, immediatly when the admin makes a change to the table. I've tried making a shared service that notifies the watcher whenever there's a change in the table: Watcher component: Admin component: I think the error here is that the subscription",Pregunta
Webtransport example for android in kotlin,"As far as I know, Webtransport is already available in Android and chrome is already using it. The problem is that I can't find any example about how to use it in kotlin or even java. I want to use datagram or streams to create bidirectional communication with my webtransport server. Thank you in advance for your help.",Pregunta
MySQL Tutorial for Beginners,"MySQL was developed by MySQL AB, a Swedish company formed in 1995. In 2008, MySQL AB announced that Sun Microsystems had agreed to get it for around $1 billion. MySQL is RDMS(Relational management System). it is a free open source SQL management system and storing information for your website and directly use PHP to access that material and it’s extremely easy for beginners to find out MySQL for MySql Tutorial for Beginners. it’s fast, reliable and user-friendly. MySQL may be a cross-platform that operates on a computer. There are differing types Of Keys that are utilized in Database Candidate Key — The candidate keys during a table are specified because of the minimum set of keys, and may identify any",Artículo
filter using react hook form not working?,"I am creating a small list using React Hook Form with useFieldArray. I want to filter the list when the user types anything in the search field. However, the filtering is not working. Below is my code: https://playcode.io/2322411 when I search ""test"" it is showing first two rows instead of last two rows. why?",Pregunta
Why is HackerRank's Sample Test cases throwing a NoMethodError at the Ruby #tally method in my code?,"I've attempted to solve this HackerRank Sparse Arrays problem with Ruby. I wanted to use #tally on the string_list array in order to create a hash of keys and their occurrence count. I have checked this works and prints to my console correctly: My code is giving me the expected result of an array of integers locally, but when I submit my code to HackerRank it seems to throw a NoMethodError at the use of #tally. Here is the error below: Could anyone shed some light on why this is throwing an error? Here is my full code solution, and the terminal output. Thanks!",Pregunta
How to install Python in Windows?,"Stepwise procedure for downloading & installing Python Step 1: Open the link to visit the official site of Python to download with the link below. Step 2: After you visit the website, Click on Download Python with the latest version as shown in the image below. Step 3: Open the loaded file. You will see the Setup dialog box as shown in the image below. Step 4: Customize installation first before installing python to choose the location where you want to download and choose the features. Step 5: Tick the Checkboxes of features that are to be installed. Step 6: After checking features, go back to install Python as shown in the image below Step 7: Here, tick the Add",Artículo
Implementing Caching Service in Spring Boot using Guava Cache,"Implementing Guava Cache Example Let’s see how we can implement a simple Cache-Store using the Guava Cache library. The rest of the article details all the steps we need to implement Caching Technique. If it is helpful, you may also download the final source code from GitHub Link — Implementing Guava Cache Step 1: Create a Spring Boot Project We need one Spring Boot project. The basic skeleton can be created quickly by using https://start.spring.io/ as below, Step 2: Write HTTP GET REST API Write one sample REST API as detailed below. In this API, we are simulating a backend service call by adding an intentional wait time. The next step will introduce the Guava Cache to cache the API",Artículo
"Photon Unity Error ""Specified cast is not valid.""","This error has been stumping me and preventing me to work on the next update. It only gives this error once and then everything works, I thought it was something else then I disabled the script and everything worked fine just nothing synced well. I'm quite new to multiplayer stuff so this is really confusing me. Can someone please help me? Full Error",Pregunta
How to generate dynamic metadata from an Angular component using node js?,"I want to create a library with components example pages generated automatically by a node js code. Using some Copilot help, I got this function to read the component's metadata, but it is returning me empty. My knowledge in node is not so developed yet and I want to understand the process, not only copy from AI. This is the function with the interfaces - the code is in typescript for node. The function receives the angular component file path as parameter The file must be ""compiled"" using and then the js file can be called. The node and typescript I'm using are: This is the tsconfig.json file:",Pregunta
How to Scrape a Static Website,"A really quick tutorial Prerequisites: Knowledge of React.js will be required for this tutorial. Let’s say you want to pull data from the frontend of a website because there’s no API available. You inspect the page and see that the data is available in the HTML, so how do you gather that information to be used in your app? It’s rather simple, we’re going to install two libraries and write less than 50 lines of code to demonstrate the scraping of a website. To keep this tutorial simple, we’ll use https://pokedex.org/ as our example. In terminal: create-react-app scraping-demo cd scraping-demo npm i request-promise npm i cheerio 2. We’re going to start by using request-promise to get the HTML from https://pokedex.org/",Artículo
My thoughts in Management in Information Systems,"Technology is all around us. In fact, it has become a modern survival tool that gives many people access to services, goods, entertainment, and education. Since the 1970’s business computers have been a thing of the past and the future; and here we are today with processing power at the palm of our hands. Technology has become less expensive over the years. Thanks to data mining, large smart televisions have become common place in more family homes today than ever. We have free email services like: Gmail, Yahoo, AOL, and Hotmail which provides the modern way of communicating with one another in the personal and business world. Information Systems today have come a long way since the printed paper memo.",Artículo
Android Animations | Everything about android animations,"In this tutorial, we’re going to implement animations in android. The animation is the process of creating motion and shape change. Animation in android is possible in many ways. In this tutorial, we will discuss one easy and widely used way of making animation called Tweened animation. Tween Animation The Tween Animation takes some parameters such as start value, end value, size, time duration, rotation angle, etc, and perform the required animation on that object. It can be applied to any type of object. So to use this, android has provided us a class called Animation. To perform animation in android, we are going to call a static function loadAnimation() of the class AnimationUtils. We are going to receive the",Artículo
Searching for different Factor levels on one factor while other factor stays the same in R,"I have a problem in R, my dataset has different factors with different levels. For example one is an ID and another is a Year of observation like this: ID year 6 2015 6 2015 6 2015 6 2015 6 2018 6 2018 6 2018 6 2018 6 2018 7 2015 7 2015 7 2015 7 2015 7 2015 8 2015 8 2015 8 2015 8 2021 8 2021 And I want to find out if (and which) ID´s have observations in different years. In the above example has my ID 6 observations in 2015 and 2018 and ID 8 observations in 2015 and 2021. I`m sure I would be able to solve this problem with loops but I could",Pregunta
How to upload a CSV file to a given s3 bucket in scala?,"I want to upload a CSV file to a given s3 bucket, this CSV file is transfered from a dataframe by using the . For now, I saved the file locally, I'm wondering if there is a way to upload that file to a S3 bucket if given a s3 bucket name?",Pregunta
How can I handle action button in notification?,"Description : I am using Kotlin, Jetpack compose, MVVM, hilt, FCM. My notification will show two buttons ""accept"" and ""ignore"". I have a function in one of my viewmodel which accepts a Boolean parameter. I want that on click of any buttons that particular screen should be displayed and that function to be called. What I tried and where have I reached : So right now in my NotificationReciever I have a intent through which I can open that screen using deepLink. Approach 1 : I think if I re-write my deeplink pattern by addidg one more param and then in my route, I can check if that param is present then perform some function. For eg. right now my",Pregunta
"How do I remove "".0"" from the phone number STRING in SQL?","So I have a Phone number (PN) column in an SQL table as a TEXT. It is a text format because I do not want the POWER BI (Which will pull data from SQL with the Direct Query Setting) to read the PN as a number. The SQL table came from multiple CSV Files. Now some of the Phone numbers were stored as floats in the CSV files and when I converted them to Text in the SQL table, the decimal "".0"" remained. Now it's a bit messy. I just want to know how to Alter the text of a specific column in the SQL table so I can replace the "".0"" with """" or basically nothing.",Pregunta
`grape server` throws `cannot load such file -- grape` error even though grape is installed,"I have been working on a non-rails Grape API project freelance, and when running I am encountering the above error. I've pasted the stack trace below. It seems to be an issue of Rack not being able to find the path to the gem but I'm not sure how to troubleshoot. runs as expected and when i use it points to Here is the output of .",Pregunta
Create a String Reversal Microservice on AWS Lambda Using Java,"Server-side code Now comes the part where we actually create our Lambda function using Java. Go the AWS Console and search for Lambda. Create a lambda function and name it whatever you want and use any Java runtime. I used Java 11 for this. Click into your newly created function and note down the ARN number on the top-right. This number uniquely identifies AWS resources such as Lambdas. Also, note down the region you are currently in as resources are specific to regions. Mine is in us-east-2. To begin the server-side coding, create a new project (yes, we do this twice) and configure Maven again. Lambda functions handle requests. And these requests require specific handlers to be imported via AWS",Artículo
Google officially explains what caused Monday’s 47 minutes outage.,"Google officially explains what caused Monday’s 47 minutes outage. The cause was “an internal storage quota issue.” I haven’t the faintest clue about what that means in layman's terms. However, thank goodness! I can now assume that the incident wasn’t prompted by a solar plasma outflow originated from Coronal Mass Ejections (CME), causing a massive geomagnetic storm that ionized Earth’s atmosphere. Similar to a high-altitude electromagnetic pulse (HEMP) warhead, being detonated far above the Earth’s surface. For a minute there, I thought somebody forgot to pay the internet bill. You can read Google’s official statement here.",Artículo
Reformatting/merging of Excel date elements,"I want to change a date format (examples below) into a FAIR data format, i.e., YYYY-MM-DDTHH-MM-SS. This can be done either using an Excel function (data in .csv) or in R. The date is in one column and the time is in the second one. Any suggestion is welcomed! I could do this manually but with 3500 dataset rows, this might take a lifetime. Feel free to drop any recommendations!",Pregunta
TensorFlow Lite Micro,"According to Statistica, 25.6 billion units of microcontrollers were shipped in 2019. There are over 250 billion microcontrollers in the world and this number is projected to grow over the coming years. As a result of this, deep learning on embedded devices is one of the fastest-growing fields. This area is popularly known as tiny machine learning (TinyML). That said, embedded devices pose a couple of challenges, key among them being their low processing power and limited memory. Machine learning models must therefore be able to work on just a few kilobytes of memory. They must also be able to perform inferencing with the low processing power available in embedded systems. In this piece, we’ll look at TensorFlow Lite Micro",Artículo
Why is window.opener null when opening a popup from React app (localhost:8000) to another origin (localhost:3000)?,"I'm trying to implement Microsoft SSO login in a React frontend ( ) by opening a popup to a backend server ( ) that handles the auth redirect. Here's the setup: Frontend (React, using react-scripts start) runs at Backend (Node.js + Express) runs at After login, the backend redirects to a static file microsoft-login-success.html inside public/ In the React code, I open the popup like this: Inside microsoft-login-success.html, I have: (Actually this script in a file js because policy of browser) What I've tried: Using ""*"" or full origin in postMessage() — no difference Confirmed CORS is configured correctly No browser extensions interfering Tested on multiple browsers Problem: is null in the popup page so back to the frontend doesn't",Pregunta
How to correctly retrieve yesterday's order in Africa/Algiers timezone when using UTC timestamps in Kotlin?,"I need help figuring out this special problem I'm having, my users are in africa/algiers. The zone id here is in africa/algiers. When my users place an order the date is of course stored in UTC everywhere in the database, not just the order placed date. Now I have a method that gets the two recent orders (yesterday's order and today's order), the problem is when I try to retrieve the yesterday's order when zoneId is africa/algiers it is given as today's order by my method. This happens when my user places an order between 11pm to 11:59pm in UTC, because africa/algiers is 1h after UTC and when the date is converted back to user's time zone (africa/algiers) it is",Pregunta
Programming Fundamentals Part 5: Separation of Concerns (Software Architecture),"This article series is based on rough drafts of what I intend to eventually turn into a series of lectures and course ware for my brogrammers and siscripters out there. Feedback is welcome, and if it proves useful, I would be happy to list you as a contributor. 2020 UPDATE: I have put together a course for Java which introduces the concepts I have described in these articles, but in greater depth and clarity. If you like my writing, I think you will love my video lectures: Working Class Java: A Beginner’s Guide To OOP & Software Architecture Udemy Link| Skillshare Link w/ Free Trial Contents I would like to thank my friend and brogrammer Darel Bitsy (Medium: Darel Bitsy,",Artículo
React hook form promise function error in Typescript-reactjs,"I'm using to create a login/signup form; however, when I use or I'm receiving the following error: Promise-returning function provided to attribute where a void return was expected.eslint@typescript-eslint/no-misused-promises const handleGoogleSignIn: () => Promise Below is the relevant code: I've tried using an arrow function inside of the callback, like but that also doesn't work. Additionally, I've tried but it also doesn't work, passing the param gives another error because already has a default as its parameter.",Pregunta
"A few months ago, we took over a major project with about 35+ microservices.","A few months ago, we took over a major project with about 35+ microservices. Most of the REST API (micro-)services consist of 2–5 endpoints and a relatively small codebase; others are bulkier. Maintaining a single microservice is definitely better than dealing with one extensive application. On the other hand, the deployment and maintenance of dependencies amongst the services is a nightmare and generates ofc. higher deployment costs. For instance, releasing a new version of service A with significant changes also means updating the codebase and tests for services B, C, D, E, F, etc. To be fair, this doesn’t happen to us often, but in case it does, it’s definitely a lot of work. Especially with all the unit and",Artículo
Laravel create invoice document using PHPWord,"Phpword is a php library that provides the ability to read from and write to different document file formats. In this case I will be creating a formatted word document. This is an image of what we are trying to create: Create a base project: laravel new phpword_demo cd phpword_demo php artisan serve Create the controller: php artisan make:Controller ExportController Add the route to web.php : Route::get('/export', [ExportController::class, 'export']); *I am using a Laravel 8 project. Older versions may have a different syntax. Have a look at the requirements https://phpword.readthedocs.io/en/latest/installing.html#requirements and follow the installation. I installed the package this way: composer require phpoffice/phpword Then I set up some fake data: $businessName = 'Hardware store'; $subtitleLine1 = 'Jill Simpson'; $subtitleLine2 =",Artículo
Taking the Lead on Database Innovation,"By Keshav Murthy Amazon’s announcement last summer of PartiQL, a SQL-compatible query language, further demonstrates the importance SQL still has in data management today. SQL was created and widely adopted more than 30 years ago and goes hand-in-hand with legacy relational database technology. But even with the advent of newer non-relational technologies like NoSQL, so-called “NewSQL” and the like, SQL is still the most common programming language in data management. Couchbase is highlighted as the first vendor to support PartiQL directly, bringing this new query language to AWS developers everywhere. A partner of Amazon, Couchbase is pleased to have been part of what is arguably the most exciting innovation in query languages since the inception of SQL. PartiQL is a",Artículo
What happened when I predicted on the Titanic dataset with a made from scratch Logistic Regression function,"What happened when I predicted on the Titanic dataset with a made from scratch Logistic Regression function Tracyrenee Follow Dec 19 · 7 min read Because there are so many libraries in Python, the programming language I am studying, it is easy to lose sight of the fact that these libraries are comprised of functions that somebody has written. Sklearn, the library I research a lot, is completely full of supervised and unsupervised learning functions that someone has written and would like to be given credit for. In fact, the sklearn website states that if anyone uses their work to please cite this, which I endeavour to do. Not only are functions made by individuals, they are also put together",Artículo
Ring Rolls Out End-to-End Encryption to All Users Globally,"However, encryption cannot be turned on automatically. You will need to opt-in for additional security. The ring has made end-to-end encryption finally available to all users around the world. The feature is disabled on any device that does not have an enrolled mobile phone. Anyone without an enrolled mobile phone can view recorded footage and live streams. Ring Unveils End-to-End Encryption, But Not Without Limitations Ring Blog posted that Amazon-owned company has added an extra layer of security to its line of home security products. Ring released a technical preview in January 2021 of end-to-end encryption in the US. Now the feature is available to all. All recordings in the cloud are encrypted. Ring’s servers also have encryption. So you",Artículo
Cmake not building protobuf source files as part of a C++ project,"This question is a follow up from this previous question . I'm trying to create a small C++ test project which uses protobuf and the cmake build system. Here is my directory structure: Error The specific error message is: This makes sense, since the directory is empty. It seems that is not building the C++ files. What steps can I take to try and diagnose why this is happening?",Pregunta
Customizing Kibana Web Application,"Update III: Added upport to kibana and kibana-oss from 7.0.x to 7.6.x. Update II: github repo to build a customized kibana docker image now supporting 7.0.x kibana versions: https://github.com/Gradiant/dockerized-kibana You can inspect the Dockerfile to get more details about the new changes. Update: github repo to build a customized kibana docker image now supporting 6.0.x to 6.5.x kibana versions: https://github.com/Gradiant/dockerized-kibana The ELK Stack ( Elasticsearch, Logstash, Kibana) is part of our Data Analysis toolset. We make an extensive use of Kibana to explore, discover and visualize data. Kibana has also become a good option to share our findings and analytical results with others. However, we would like to give it a customized look&feel, so people identify the exposed dashboard with",Artículo
